Booknb|Title|Author|Publishing Date|author_wikidata_id|date_birth|author|author_description|origin|gender|author_image|occupation
0|Reminiscences of the Nineteenth Massachusetts Regiment|John G. B. Adams|1899|Groveland|1841-10-06T00:00:00Z|John G. B. Adams|United States Army Medal of Honor recipient|United States of America|male||
1|Louis Agassiz: his life and correspondence, third edition|Elizabeth Cary Agassiz|1885|Boston|1822-12-05T00:00:00Z|Elizabeth Cabot Agassiz|American educator|United States of America|female|http://commons.wikimedia.org/wiki/Special:FilePath/Elizabeth%20Cary%20Agassiz%2C%201852%20portrait.jpg|naturalist, philosopher, writer, biographer
10|Military history of Ulysses S. Grant from April 1861 to April 1865. Volume 1|Adam Badeau|1885|New York City|1831-12-29T00:00:00Z|Adam Badeau|American diplomat|United States of America|male|http://commons.wikimedia.org/wiki/Special:FilePath/Col.%20Adam%20Badeau%20-%20NARA%20-%20526750.jpg|diplomat
100|Carlyle's laugh and other surprises|Thomas Wentworth Higginson|1909|Cambridge|1823-12-22T00:00:00Z|Thomas Wentworth Higginson|Union United States Army officer|United States of America|male|http://commons.wikimedia.org/wiki/Special:FilePath/TWHigginson.jpg|writer, politician, poet
101|Cheerful Yesterdays|Thomas Wentworth Higginson|1898|Cambridge|1823-12-22T00:00:00Z|Thomas Wentworth Higginson|Union United States Army officer|United States of America|male|http://commons.wikimedia.org/wiki/Special:FilePath/TWHigginson.jpg|politician, writer, poet
102|Harvard Memorial Biographies|Thomas Wentworth Higginson|1866|Cambridge|1823-12-22T00:00:00Z|Thomas Wentworth Higginson|Union United States Army officer|United States of America|male|http://commons.wikimedia.org/wiki/Special:FilePath/TWHigginson.jpg|writer, politician, poet
103|Henry Wadsworth Longfellow|Thomas Wentworth Higginson|1902|Cambridge|1823-12-22T00:00:00Z|Thomas Wentworth Higginson|Union United States Army officer|United States of America|male|http://commons.wikimedia.org/wiki/Special:FilePath/TWHigginson.jpg|writer, politician, poet
104|In a fair country|Thomas Wentworth Higginson; Irene E. Jerome.|1890|Cambridge|1823-12-22T00:00:00Z|Thomas Wentworth Higginson|Union United States Army officer|United States of America|male|http://commons.wikimedia.org/wiki/Special:FilePath/TWHigginson.jpg|politician, writer, poet
105|John Greenleaf Whittier|Thomas Wentworth Higginson|1902|Cambridge|1823-12-22T00:00:00Z|Thomas Wentworth Higginson|Union United States Army officer|United States of America|male|http://commons.wikimedia.org/wiki/Special:FilePath/TWHigginson.jpg|writer, politician, poet
106|Letters and Journals of Thomas Wentworth Higginson|Thomas Wentworth Higginson|1921|Cambridge|1823-12-22T00:00:00Z|Thomas Wentworth Higginson|Union United States Army officer|United States of America|male|http://commons.wikimedia.org/wiki/Special:FilePath/TWHigginson.jpg|politician, writer, poet
107|Margaret Fuller Ossoli|Thomas Wentworth Higginson|1890|Cambridge|1823-12-22T00:00:00Z|Thomas Wentworth Higginson|Union United States Army officer|United States of America|male|http://commons.wikimedia.org/wiki/Special:FilePath/TWHigginson.jpg|politician, writer, poet
11|Military history of Ulysses S. Grant from April 1861 to April 1865. Volume 2|Adam Badeau|1885|New York City|1831-12-29T00:00:00Z|Adam Badeau|American diplomat|United States of America|male|http://commons.wikimedia.org/wiki/Special:FilePath/Col.%20Adam%20Badeau%20-%20NARA%20-%20526750.jpg|diplomat
110|Massachusetts in the Army and Navy during the war of 1861-1865, vol. 1: prelminary narrative|Thomas Wentworth Higginson|1895|Cambridge|1823-12-22T00:00:00Z|Thomas Wentworth Higginson|Union United States Army officer|United States of America|male|http://commons.wikimedia.org/wiki/Special:FilePath/TWHigginson.jpg|writer, politician, poet
111|Massachusetts in the Army and Navy during the war of 1861-1865, vol. 2|Thomas Wentworth Higginson|1895|Cambridge|1823-12-22T00:00:00Z|Thomas Wentworth Higginson|Union United States Army officer|United States of America|male|http://commons.wikimedia.org/wiki/Special:FilePath/TWHigginson.jpg|writer, politician, poet
112|The new world and the new book|Thomas Wentworth Higginson|1892|Cambridge|1823-12-22T00:00:00Z|Thomas Wentworth Higginson|Union United States Army officer|United States of America|male|http://commons.wikimedia.org/wiki/Special:FilePath/TWHigginson.jpg|writer, politician, poet
113|Olde Cambridge|Thomas Wentworth Higginson|1900|Cambridge|1823-12-22T00:00:00Z|Thomas Wentworth Higginson|Union United States Army officer|United States of America|male|http://commons.wikimedia.org/wiki/Special:FilePath/TWHigginson.jpg|writer, politician, poet
114|Oldport days, with ten heliotype illustrations from views taken in Newport, R. I., expressly for this work.|Thomas Wentworth Higginson|1873|Cambridge|1823-12-22T00:00:00Z|Thomas Wentworth Higginson|Union United States Army officer|United States of America|male|http://commons.wikimedia.org/wiki/Special:FilePath/TWHigginson.jpg|writer, politician, poet
115|Reader's History of American Literature|Thomas Wentworth Higginson; Henry Walcott Boynton|1903|Cambridge|1823-12-22T00:00:00Z|Thomas Wentworth Higginson|Union United States Army officer|United States of America|male|http://commons.wikimedia.org/wiki/Special:FilePath/TWHigginson.jpg|writer, politician, poet
116|Short studies of American authors|Thomas Wentworth Higginson|1880|Cambridge|1823-12-22T00:00:00Z|Thomas Wentworth Higginson|Union United States Army officer|United States of America|male|http://commons.wikimedia.org/wiki/Special:FilePath/TWHigginson.jpg|writer, politician, poet
117|Women and Men|Thomas Wentworth Higginson|1888|Cambridge|1823-12-22T00:00:00Z|Thomas Wentworth Higginson|Union United States Army officer|United States of America|male|http://commons.wikimedia.org/wiki/Special:FilePath/TWHigginson.jpg|writer, politician, poet
118|Confederate Military History, a library of Confederate States Military History: Volume 4, North Carolina|D. H. Hill, Jr.|1899||||||||
119|Life and Campaigns of George B. McClellan, Major-General, U. S. Army|G. S. Hillard|1864||||||||
12|Military history of Ulysses S. Grant from April 1861 to April 1865. Volume 3|Adam Badeau|1885|New York City|1831-12-29T00:00:00Z|Adam Badeau|American diplomat|United States of America|male|http://commons.wikimedia.org/wiki/Special:FilePath/Col.%20Adam%20Badeau%20-%20NARA%20-%20526750.jpg|diplomat
120|Historic leaves, volume 1, April, 1902 - January, 1903|Somerville Historical Society|1903||||||||
121|Historic leaves, volume 2, April, 1903 - January, 1904|Somerville Historical Society|1904||||||||
122|Historic leaves, volume 3, April, 1904 - January, 1905|Somerville Historical Society|1905||||||||
123|Historic leaves, volume 4, April, 1905 - January, 1906|Somerville Historical Society|1906||||||||
124|Historic leaves, volume 5, April, 1906 - January, 1907|Somerville Historical Society|1907||||||||
125|Historic leaves, volume 6, April, 1907 - January, 1908|Somerville Historical Society|1908||||||||
126|Historic leaves, volume 7, April, 1908 - January, 1909|Somerville Historical Society|1909||||||||
127|Historic leaves, volume 8, April, 1909 - January, 1910|Somerville Historical Society|1910||||||||
128|History of the First Universalist Church in Somerville, Mass. Illustrated; a souvenir of the fiftieth anniversary celebrated February 15-21, 1904|Medford Historical Society|1905||||||||
129|HISTORY OF THE TOWN OF MEDFORD, Middlesex County, Massachusetts, FROM ITS FIRST SETTLEMENT, IN 1630, TO THE PRESENT TIME, 1855.|Charles Brooks|1855|2011-09-29T00:00:00Z|1920-11-22T00:00:00Z|Charles Brooks|cartoonist|United States of America|male||editorial cartoonist, trade unionist, cricketer
13|History of the Colonization of the United States, Vol. 1, 17th edition.|George Bancroft|1859|Philadelphia|1882-09-30T00:00:00Z|George Bancroft|actor|United States of America|male|http://commons.wikimedia.org/wiki/Special:FilePath/George%20Bancroft%20%281882%20%E2%80%931956%29.jpg|actor, military officer, film actor, stage actor, historian, politician, writer, diplomat, academic, historian of the modern age, translator
130|Advance and Retreat: Personal Experiences in the United States and Confederate Armies|John Bell Hood.|1880||||||||
131|Confederate Military History, a library of Confederate States Military History: Volume 12.2, Mississippi|Colonel Charles E. Hooker|1899||||||||
132|Confederate Military History, a library of Confederate States Military History: Volume 3, Virginia|Maj. Jed. Hotchkiss|1899||||||||
133|Autobiography of Oliver Otis Howard, major general, United States army: volume 1|Oliver Otis Howard|1908|Leeds|1830-11-08T00:00:00Z|Oliver Otis Howard|United States Army Medal of Honor recipient and Union Army general|United States of America|male|http://commons.wikimedia.org/wiki/Special:FilePath/Oliver%20Otis%20Howard.jpg|military officer, historian, biographer
134|Autobiography of Oliver Otis Howard, major general, United States army: volume 2|Oliver Otis Howard|1908|Leeds|1830-11-08T00:00:00Z|Oliver Otis Howard|United States Army Medal of Honor recipient and Union Army general|United States of America|male|http://commons.wikimedia.org/wiki/Special:FilePath/Oliver%20Otis%20Howard.jpg|historian, military officer, biographer
135|Reminiscences: 1819-1899|Jula Ward Howe|1899||||||||
136|The abolitionists together with personal memories of the struggle for human rights|John F. Hume|1905|Bovina|1830-09-07T00:00:00Z|John F. Hume|U.S. banker, broker, politician and newspaper editor|United States of America|male||politician, writer, banker, editor, stockbroker
137|Confederate Military History, a library of Confederate States Military History: Volume 2.1, Maryland|Brig.-Gen. Bradley T. Johnson|1899||||||||
138|Battles and Leaders of the Civil War. Volume 3. |Robert Underwood Johnson; Clarence Clough Buell|1887|Washington, D.C.|1853-01-12T00:00:00Z|Robert Underwood Johnson|American journalist|United States of America|male|http://commons.wikimedia.org/wiki/Special:FilePath/Robert%20Underwood%20Johnson%200001.jpg|historian, poet, journalist
139|Battles and Leaders of the Civil War. Volume 4.|Robert Underwood Johnson; Clarence Clough Buell|1887|Washington, D.C.|1853-01-12T00:00:00Z|Robert Underwood Johnson|American journalist|United States of America|male|http://commons.wikimedia.org/wiki/Special:FilePath/Robert%20Underwood%20Johnson%200001.jpg|historian, poet, journalist
14|History of the United States from the Discovery of the American Continent, Vol. 10|George Bancroft|1874|Philadelphia|1882-09-30T00:00:00Z|George Bancroft|actor|United States of America|male|http://commons.wikimedia.org/wiki/Special:FilePath/George%20Bancroft%20%281882%20%E2%80%931956%29.jpg|actor, military officer, film actor, stage actor, historian, politician, writer, diplomat, academic, historian of the modern age, translator
141|Battles and Leaders of the Civil War: The Opening Battles. Volume 1. |Robert Underwood Johnson; Clarence Clough Buell|1887|Washington, D.C.|1853-01-12T00:00:00Z|Robert Underwood Johnson|American journalist|United States of America|male|http://commons.wikimedia.org/wiki/Special:FilePath/Robert%20Underwood%20Johnson%200001.jpg|historian, poet, journalist
142|Battles and Leaders of the Civil War: Volume 2. |Robert Underwood Johnson; Clarence Clough Buell|1887|Washington, D.C.|1853-01-12T00:00:00Z|Robert Underwood Johnson|American journalist|United States of America|male|http://commons.wikimedia.org/wiki/Special:FilePath/Robert%20Underwood%20Johnson%200001.jpg|historian, poet, journalist
143|Confederate Military History, a library of Confederate States Military History: Volume 9.1, Kentucky|Col. J. Stoddard Johnston|1899||||||||
144|The Life of General Albert Sidney Johnston: His Service in the Armies of the United States, the Republic of Texas, and the Confederate States.|Colonel William Preston Johnston|1879||||||||
145|Narrative of Military Operations During the Civil War |General Joseph E. Johnston|1874||||||||
146|Summary of the Art of War, or a New Analytical Compend of the Principle Combinations of Strategy, of Grand Tactics and of Military Policy. |Baron de Jomini|1854||||||||
147|A Rebel War Clerk's Diary|J. B. Jones|1866|http://www.wikidata.org/entity/Q54645498||J. B. Jones|||||researcher, publisher, novelist, journalist, diarist, editor, professor, chemist, researcher
148|Christ in the camp, or religion in Lee's army|J. William Jones|1887|Louisa County|1836-01-01T00:00:00Z|J. William Jones|American preacher|United States of America|male|http://commons.wikimedia.org/wiki/Special:FilePath/John%20William%20Jones%20DD.jpg|military chaplain, author, politician
149|Knight's Mechanical Encyclopedia|Knight|1877|Langton Long Blandford|1785-05-03T00:00:00Z|John Baverstock Knight|English land surveyor and painter|Kingdom of Great Britain|male||painter, land surveyor, cricketer, botanist, botanist, ichthyologist, painter, painter, land surveyor
15|History of the United States from the Discovery of the American Continent, Vol. 2, 17th edition.|George Bancroft|1859|Philadelphia|1882-09-30T00:00:00Z|George Bancroft|actor|United States of America|male|http://commons.wikimedia.org/wiki/Special:FilePath/George%20Bancroft%20%281882%20%E2%80%931956%29.jpg|military officer, historian, writer, politician, historian of the modern age, academic, diplomat, actor, film actor, stage actor, translator
150|General Lee|Fitzhugh Lee|1894|Fairfax County|1835-11-19T00:00:00Z|Fitzhugh Lee|Confederate Army general|United States of America|male|http://commons.wikimedia.org/wiki/Special:FilePath/Fitzhugh%20Lee%20Governor.jpg|politician
151|Life and public services of Charles Sumner: Born Jan. 6, 1811. Died March 11, 1874.|C. Edwards Lester|1874|1890-01-01T00:00:00Z|1815-01-01T00:00:00Z|Charles Edwards Lester|American historian|United States of America|male|http://commons.wikimedia.org/wiki/Special:FilePath/C%20Edwards%20Lester.jpg|historian, lawyer, biographer
152|Debates of Lincoln and Douglas: Carefully Prepared by the Reporters of Each Party at the times of their Delivery.|Abraham Lincoln; Stephen A. Douglas|1860|http://www.wikidata.org/entity/Q27807440||Abraham Lincoln|India film director|India|male||film director, lawyer, politician, statesperson, military personnel
153|Horace Greeley Founder and Editor of The New York Tribune|William Alexander Linn|1903|1917-02-23T00:00:00Z|1846-09-04T00:00:00Z|William Alexander Linn|American journalist|United States of America|male||historian, journalist
154|Reminiscences of a Soldier's Wife: An Autobiography |Mrs. John A. Logan|1913|Petersburg, Missouri|1838-08-15T00:00:00Z|Mary Simmerson Cunningham Logan|American writer and editor||female|http://commons.wikimedia.org/wiki/Special:FilePath/LOGAN%2C%20JOHN%20A.%2C%20MRS.%20LCCN2016857111%20%28cropped%29.jpg|writer, editor
155|From Manassas to Appomattox |General James Longstreet|1895||||||||
156|Pictorial Field Book of the Civil War. Volume 1. |Benson J. Lossing|1876||||||||
157|Pictorial Field Book of the Civil War. Volume 2. |Benson J. Lossing|1870||||||||
158|Pictorial Field Book of the Civil War. Volume 3. |Benson J. Lossing|1874||||||||
159|Among my books|James Russell Lowell|1876|Cambridge|1819-02-22T00:00:00Z|James Russell Lowell|American poet, critic, editor, and diplomat|United States of America|male|http://commons.wikimedia.org/wiki/Special:FilePath/James%20Russell%20Lowell%20-%201855.jpg|literary critic, writer, poet, journalist, essayist, diplomat
16|History of the United States from the Discovery of the American Continent, Vol. 3, 15th edition.|George Bancroft|1860|Philadelphia|1882-09-30T00:00:00Z|George Bancroft|actor|United States of America|male|http://commons.wikimedia.org/wiki/Special:FilePath/George%20Bancroft%20%281882%20%E2%80%931956%29.jpg|actor, military officer, film actor, stage actor, historian, politician, writer, diplomat, academic, historian of the modern age, translator
160|With Grant and Meade from the Wilderness to Appomattox|Colonel Theodore Lyman|1922||||||||
161|Diary of a southern refugee during the war, by a lady of Virginia|Judith White McGuire|1867||||||||
162|The Life and Letters of George Gordon Meade, Major-General United States Army|George Meade|1913|CÃ¡diz|1815-12-31T00:00:00Z|George Meade|Union Army general|Spain|male|http://commons.wikimedia.org/wiki/Special:FilePath/Meade1Colorized.jpg|engineer, military personnel, engineer, military personnel
163|Medford Historical Society Papers, Volume 1.|Medford Historical Society|1898||||||||
164|Medford Historical Society Papers, Volume 10.|Medford Historical Society|1907||||||||
165|Medford Historical Society Papers, Volume 11.|Medford Historical Society|1908||||||||
166|Medford Historical Society Papers, Volume 12.|Medford Historical Society|1909||||||||
167|Medford Historical Society Papers, Volume 13.|Medford Historical Society|1910||||||||
168|Medford Historical Society Papers, Volume 14.|Medford Historical Society|1911||||||||
169|Medford Historical Society Papers, Volume 15.|Medford Historical Society|1912||||||||
17|History of the United States from the Discovery of the American Continent, Vol. 4, 15th edition.|George Bancroft|1859|Philadelphia|1882-09-30T00:00:00Z|George Bancroft|actor|United States of America|male|http://commons.wikimedia.org/wiki/Special:FilePath/George%20Bancroft%20%281882%20%E2%80%931956%29.jpg|actor, military officer, film actor, stage actor, historian, politician, writer, diplomat, academic, historian of the modern age, translator
170|Medford Historical Society Papers, Volume 15.|Medford Historical Society|1912||||||||
171|Medford Historical Society Papers, Volume 16.|Medford Historical Society|1913||||||||
172|Medford Historical Society Papers, Volume 17.|Medford Historical Society|1914||||||||
173|Medford Historical Society Papers, Volume 18.|Medford Historical Society|1915||||||||
174|Medford Historical Society Papers, Volume 2.|Medford Historical Society|1899||||||||
175|Medford Historical Society Papers, Volume 20.|Medford Historical Society|1917||||||||
176|Medford Historical Society Papers, Volume 22.|Medford Historical Society|1919||||||||
177|Medford Historical Society Papers, Volume 22.|Medford Historical Society|1919||||||||
178|Medford Historical Society Papers, Volume 23.|Medford Historical Society|1920||||||||
179|Medford Historical Society Papers, Volume 24.|Medford Historical Society|1921||||||||
18|History of the United States from the Discovery of the American Continent, Vol. 5, 13th edition.|George Bancroft|1860|Philadelphia|1882-09-30T00:00:00Z|George Bancroft|actor|United States of America|male|http://commons.wikimedia.org/wiki/Special:FilePath/George%20Bancroft%20%281882%20%E2%80%931956%29.jpg|military officer, historian, writer, politician, historian of the modern age, academic, diplomat, actor, film actor, stage actor, translator
180|Medford Historical Society Papers, Volume 25.|Medford Historical Society|1922||||||||
181|Medford Historical Society Papers, Volume 25.|Medford Historical Society|1922||||||||
182|Medford Historical Society Papers, Volume 26.|Medford Historical Society|1923||||||||
183|Medford Historical Society Papers, Volume 28.|Medford Historical Society|1925||||||||
184|Medford Historical Society Papers, Volume 29.|Medford Historical Society|1926||||||||
185|Medford Historical Society Papers, Volume 3.|Medford Historical Society|1900||||||||
186|Medford Historical Society Papers, Volume 30.|Medford Historical Society|1927||||||||
187|Medford Historical Society Papers, Volume 4.|Medford Historical Society|1901||||||||
188|Medford Historical Society Papers, Volume 5.|Medford Historical Society|1902||||||||
189|Medford Historical Society Papers, Volume 6.|Medford Historical Society|1903||||||||
190|Medford Historical Society Papers, Volume 7.|Medford Historical Society|1904||||||||
191|Medford Historical Society Papers, Volume 8.|Medford Historical Society|1905||||||||
192|Medford Historical Society Papers, Volume 9.|Medford Historical Society|1906||||||||
193|Confederate Military History, a library of Confederate States Military History: Volume 9.2, Missouri|Col. John C. Moore|1899||||||||
194|The Life and Times of Charles Sumner: His Boyhood, Education and Public Career.|Elias Nason|1874|1887-06-17T00:00:00Z|1811-04-21T00:00:00Z|Elias Nason|American writer||male||writer
195|McClellan's Own Story: the war for the union, the soldiers who fought it, the civilians who directed it, and his relations to them.|Elias Nason|1887|1887-06-17T00:00:00Z|1811-04-21T00:00:00Z|Elias Nason|American writer||male||writer
196|Waltham, past, present and its industries, with an historical sketch of Watertown from its settlement in 1630 to the incorporation of Waltham, January 15, 1739.|Charles A. Nelson, A. M.|1879||||||||
197|The Outbreak of Rebellion|John G. Nicolay|1881||||||||
198|A Short Life of Abraham Lincoln, condensed from Nicolay and Hayes' Abraham Lincoln: A History|John G. Nicolay|1902||||||||
199|Prison Life in Dixie: giving a short history of the inhuman and barbarous treatment of our soldiers by rebel authorities|Sergeant Oats|1880||||||||
2|Hospital Sketches: An Army Nurse's True Account of her Experience during the Civil War.|Louisa May Alcott|1863|Germantown|1832-11-29T00:00:00Z|Louisa May Alcott|American novelist|United States of America|female|http://commons.wikimedia.org/wiki/Special:FilePath/Louisa%20May%20Alcott%20headshot.jpg|writer, poet, children's writer, novelist, suffragette, nurse
20|History of the United States from the Discovery of the American Continent, Vol. 7, 4th edition.|George Bancroft|1860|Philadelphia|1882-09-30T00:00:00Z|George Bancroft|actor|United States of America|male|http://commons.wikimedia.org/wiki/Special:FilePath/George%20Bancroft%20%281882%20%E2%80%931956%29.jpg|actor, military officer, film actor, stage actor, historian, politician, writer, diplomat, academic, historian of the modern age, translator
200|Official Records of the Union and Confederate Armies, Chapter XXII: Operations in Kentucky, Tennessee, North Mississippi, North Alabama, and Southwest Virginia. March 4-June 10, 1862.|Lieut. Col. Robert N. Scott|1884||||||||
201|Official Records of the Union and Confederate Armies, Chapter XXII: Operations in Kentucky, Tennessee, North Mississippi, North Alabama, and Southwest Virginia. March 4-June 10, 1862., Part II: Correspondence, Orders, and Returns.|Lieut. Col. Robert N. Scott|1884||||||||
202|History of Cambridge, Massachusetts, 1630-1877, with a genealogical register|Lucius R. Paige|1877||||||||
203|History of the Civil War in America. Vol. 1.|Comte de Paris|1876||||||||
204|History of the Civil War in America. Vol. 2.|Comte de Paris|1876||||||||
205|History of the Civil War in America. Vol. 3.|Comte de Paris|1883||||||||
206|History of the Civil War in America. Vol. 4.|Comte de Paris|1888||||||||
207|The life of Horace Greeley|James Parton|1855|Canterbury|1822-02-09T00:00:00Z|James Parton|American biographer|United States of America|male|http://commons.wikimedia.org/wiki/Special:FilePath/James%20Parton%20-%20Schriftsteller.jpg|author, writer, biographer
208|Women of the age; being natives of the lives and deeds of the most prominent women of the present gentlemen|James Parton; Horace Greeley; T. W. Higginson; J. S. C. Abbott; E. M. Hoppin; William Winter; Theodore Tilton; Fanny Fern; Grace Greenwood; Mrs. E. C. Stanton|1871|Canterbury|1822-02-09T00:00:00Z|James Parton|American biographer|United States of America|male|http://commons.wikimedia.org/wiki/Special:FilePath/James%20Parton%20-%20Schriftsteller.jpg|writer, author, biographer
209|The American spirit in lierature: a chronicle of great interpreters|Bliss Perry|1921|1954-01-01T00:00:00Z|1860-01-01T00:00:00Z|Bliss Perry|American academic|United States of America|male|http://commons.wikimedia.org/wiki/Special:FilePath/Bliss%20Perry.jpg|writer
21|History of the United States from the Discovery of the American Continent, Vol. 8|George Bancroft|1860|Philadelphia|1882-09-30T00:00:00Z|George Bancroft|actor|United States of America|male|http://commons.wikimedia.org/wiki/Special:FilePath/George%20Bancroft%20%281882%20%E2%80%931956%29.jpg|military officer, historian, writer, politician, historian of the modern age, academic, diplomat, actor, film actor, stage actor, translator
210|Speeches, Lectures and Letters of Wendell Phillips: Volume 1|Wendell Phillips; Theodore C. Pease|1891|Boston|1811-11-29T00:00:00Z|Wendell Phillips|American abolitionist, advocate for Native Americans, orator and lawyer|United States of America|male|http://commons.wikimedia.org/wiki/Special:FilePath/Wendell%20Phillips%20by%20Brady.jpg|lawyer, jurist, archaeologist, politician
211|Speeches, Lectures and Letters of Wendell Phillips: Volume 2|Wendell Phillips; Theodore C. Pease|1891|Boston|1811-11-29T00:00:00Z|Wendell Phillips|American abolitionist, advocate for Native Americans, orator and lawyer|United States of America|male|http://commons.wikimedia.org/wiki/Special:FilePath/Wendell%20Phillips%20by%20Brady.jpg|lawyer, politician, jurist, archaeologist
213|The Photographic History of The Civil War: in ten volumes, Thousands of Scenes Photographed 1861-65, with Text by many Special Authorities, Volume 10: The Armies and the Leaders.|Francis Trevelyan Miller|1912|1959-01-01T00:00:00Z|1877-01-01T00:00:00Z|Francis Trevelyan Miller|American film director|United States of America|male||film director, writer
214|The Photographic History of The Civil War: in ten volumes, Thousands of Scenes Photographed 1861-65, with Text by many Special Authorities, Volume 1: The Opening Battles.|Francis Trevelyan Miller|1912|1959-01-01T00:00:00Z|1877-01-01T00:00:00Z|Francis Trevelyan Miller|American film director|United States of America|male||film director, writer
215|The Photographic History of The Civil War: in ten volumes, Thousands of Scenes Photographed 1861-65, with Text by many Special Authorities, Volume 2: Two Years of Grim War.|Francis Trevelyan Miller|1912|1959-01-01T00:00:00Z|1877-01-01T00:00:00Z|Francis Trevelyan Miller|American film director|United States of America|male||film director, writer
216|The Photographic History of The Civil War: in ten volumes, Thousands of Scenes Photographed 1861-65, with Text by many Special Authorities, Volume 3: The Decisive Battles.|Francis Trevelyan Miller|1912|1959-01-01T00:00:00Z|1877-01-01T00:00:00Z|Francis Trevelyan Miller|American film director|United States of America|male||film director, writer
217|The Photographic History of The Civil War: in ten volumes, Thousands of Scenes Photographed 1861-65, with Text by many Special Authorities, Volume 4: The Cavalry|Francis Trevelyan Miller|1912|1959-01-01T00:00:00Z|1877-01-01T00:00:00Z|Francis Trevelyan Miller|American film director|United States of America|male||film director, writer
218|The Photographic History of The Civil War: in ten volumes, Thousands of Scenes Photographed 1861-65, with Text by many Special Authorities, Volume 5: Forts and Artillery.|Francis Trevelyan Miller|1912|1959-01-01T00:00:00Z|1877-01-01T00:00:00Z|Francis Trevelyan Miller|American film director|United States of America|male||film director, writer
219|The Photographic History of The Civil War: in ten volumes, Thousands of Scenes Photographed 1861-65, with Text by many Special Authorities, Volume 7: Prisons and Hospitals.|Francis Trevelyan Miller|1912|1959-01-01T00:00:00Z|1877-01-01T00:00:00Z|Francis Trevelyan Miller|American film director|United States of America|male||film director, writer
22|The Photographic History of The Civil War: in ten volumes, Thousands of Scenes Photographed 1861-65, with Text by many Special Authorities, Volume 6: The Navy., David G. Farragut,, Naval Actions of 1812,, Yank ee Ships and Yankee Sailors,, Commodore Bainbridge,, The Blockaders,|James Barnes, author of David G. Farragut, Naval Actions of 1812, Yank ee Ships and Yankee Sailors, Commodore Bainbridge, The Blockaders, and other naval and historical works|1912||||||||
220|The Photographic History of The Civil War: in ten volumes, Thousands of Scenes Photographed 1861-65, with Text by many Special Authorities, Volume 8: Soldier Life and Secret Service.|Francis Trevelyan Miller|1912|1959-01-01T00:00:00Z|1877-01-01T00:00:00Z|Francis Trevelyan Miller|American film director|United States of America|male||film director, writer
221|The Photographic History of The Civil War: in ten volumes, Thousands of Scenes Photographed 1861-65, with Text by many Special Authorities, Volume 9: Poetry and Eloquence.|Francis Trevelyan Miller|1912|1959-01-01T00:00:00Z|1877-01-01T00:00:00Z|Francis Trevelyan Miller|American film director|United States of America|male||film director, writer
222|The picturesque pocket companion, and visitor's guide, through Mount Auburn|-|1839|http://www.wikidata.org/entity/Q42292902||Paulus Saari|||male||researcher, singer, composer, actor, television actor, songwriter, poet, poet
223|Memoir and letters of Charles Sumner: volume 1|Edward L. Pierce|1877|1897-09-06T00:00:00Z|1829-03-29T00:00:00Z|Edward L. Pierce|American politician|United States of America|male||politician, writer, biographer
224|Memoir and letters of Charles Sumner: volume 2|Edward L. Pierce|1877|1897-09-06T00:00:00Z|1829-03-29T00:00:00Z|Edward L. Pierce|American politician|United States of America|male||writer, politician, biographer
225|Memoir and letters of Charles Sumner: volume 3|Edward L. Pierce|1877|1897-09-06T00:00:00Z|1829-03-29T00:00:00Z|Edward L. Pierce|American politician|United States of America|male||politician, writer, biographer
226|Memoir and letters of Charles Sumner: volume 4|Edward L. Pierce|1877|1897-09-06T00:00:00Z|1829-03-29T00:00:00Z|Edward L. Pierce|American politician|United States of America|male||politician, writer, biographer
227|The spy in the rebellion; being a true history of the spy system of the United States Army during the late rebellion, revealing many secrets of the war hitherto not made public, compiled from official reports prepared for President Lincoln, General McClellan and the Provost-Marshal-General.|Allan Pinkerton|1883|Glasgow|1819-08-28T00:00:00Z|Allan Pinkerton|American Civil War spy|United States of America|male|http://commons.wikimedia.org/wiki/Special:FilePath/Allan%20Pinkerton-retouch.jpg|intelligence officer, army scout, detective, businessperson, intelligence officer, army scout, detective, businessperson
228|The lost cause; a new Southern history of the War of the Confederates ... Drawn from official sources and approved by the most distinguished Confederate leaders.|Edward Alfred Pollard|1866||||||||
229|The Naval History of the Civil War.|Admiral David D. Porter|1886|http://www.wikidata.org/entity/Q19030706||Admiral David D. Porter|||male|http://commons.wikimedia.org/wiki/Special:FilePath/David%20D.%20Porter.jpg|
23|The Citizen-Soldier; or, Memoirs of a Volunteer|John Beatty|1879|Whitesburg|1961-05-06T00:00:00Z|John Beatty|American comics illustrator|United States of America|male||comics artist, philosopher, politician, military officer, novelist, politician
230|Campaigning with Grant |General Horace Porter|1897||||||||
231|Confederate Military History, a library of Confederate States Military History: Volume 7.1, Tennessee|James D. Porter|1899|Paris|1828-12-07T00:00:00Z|James D. Porter|American diplomat|United States of America|male|http://commons.wikimedia.org/wiki/Special:FilePath/Porter-james-by-wb-cooper.jpg|lawyer, judge, diplomat
232|Rebellion Record: a Diary of American Events, Diary from December 17, 1860 - April 30, 1864|Frank Moore|1868|1964-05-20T00:00:00Z|1877-09-12T00:00:00Z|Frank Moore|American baseball player|United States of America|male||baseball player, athlete, artist, painter, musician, politician, painter, poet, historian, journalist
233|Rebellion Record: a Diary of American Events: Documents and Narratives, Volume 1.|Frank Moore|1862|1964-05-20T00:00:00Z|1877-09-12T00:00:00Z|Frank Moore|American baseball player|United States of America|male||baseball player, athlete, artist, painter, musician, politician, painter, poet, historian, journalist
234|Rebellion Record: a Diary of American Events: Documents and Narratives, Volume 10.|Frank Moore|1866|1964-05-20T00:00:00Z|1877-09-12T00:00:00Z|Frank Moore|American baseball player|United States of America|male||baseball player, athlete, artist, painter, musician, politician, painter, poet, historian, journalist
235|Rebellion Record: a Diary of American Events: Documents and Narratives, Volume 11.|Frank Moore|1868|1964-05-20T00:00:00Z|1877-09-12T00:00:00Z|Frank Moore|American baseball player|United States of America|male||baseball player, athlete, artist, painter, musician, politician, painter, poet, historian, journalist
236|Rebellion Record: a Diary of American Events: Documents and Narratives, Volume 2.|Frank Moore|1862|1964-05-20T00:00:00Z|1877-09-12T00:00:00Z|Frank Moore|American baseball player|United States of America|male||baseball player, athlete, artist, painter, musician, politician, painter, poet, historian, journalist
237|Rebellion Record: a Diary of American Events: Documents and Narratives, Volume 3.|Frank Moore|1862|1964-05-20T00:00:00Z|1877-09-12T00:00:00Z|Frank Moore|American baseball player|United States of America|male||baseball player, athlete, artist, painter, musician, politician, painter, poet, historian, journalist
238|Rebellion Record: a Diary of American Events: Documents and Narratives, Volume 4.|Frank Moore|1862|1964-05-20T00:00:00Z|1877-09-12T00:00:00Z|Frank Moore|American baseball player|United States of America|male||baseball player, athlete, artist, painter, musician, politician, painter, poet, historian, journalist
239|Rebellion Record: a Diary of American Events: Documents and Narratives, Volume 5.|Frank Moore|1862|1964-05-20T00:00:00Z|1877-09-12T00:00:00Z|Frank Moore|American baseball player|United States of America|male||baseball player, athlete, artist, painter, musician, politician, painter, poet, historian, journalist
24|Memories: a record of personal exeperience and adventure during four years of war.|Fannie A. Beers|1888||||||||
240|Rebellion Record: a Diary of American Events: Documents and Narratives, Volume 6.|Frank Moore|1862|1964-05-20T00:00:00Z|1877-09-12T00:00:00Z|Frank Moore|American baseball player|United States of America|male||baseball player, athlete, artist, painter, musician, politician, painter, poet, historian, journalist
241|Rebellion Record: a Diary of American Events: Documents and Narratives, Volume 7.|Frank Moore|1862|1964-05-20T00:00:00Z|1877-09-12T00:00:00Z|Frank Moore|American baseball player|United States of America|male||baseball player, athlete, artist, painter, musician, politician, painter, poet, historian, journalist
242|Rebellion Record: a Diary of American Events: Documents and Narratives, Volume 8.|Frank Moore|1862|1904-08-10T00:00:00Z|1828-12-17T00:00:00Z|Frank Moore|American journalist|United States of America|male||historian, journalist, actor, film actor, stage actor, trade unionist, painter, artist, baseball player, painter, artist, athlete, rower, sport shooter, jockey
243|Rebellion Record: a Diary of American Events: Documents and Narratives, Volume 9.|Frank Moore|1866|1904-08-10T00:00:00Z|1828-12-17T00:00:00Z|Frank Moore|American journalist|United States of America|male||historian, journalist, actor, film actor, stage actor, trade unionist, painter, artist, baseball player, painter, artist, athlete, rower, sport shooter, jockey
244|Rebellion Record: a Diary of American Events: Index, Volume 1.|Frank Moore|1862|1904-08-10T00:00:00Z|1828-12-17T00:00:00Z|Frank Moore|American journalist|United States of America|male||historian, journalist, actor, film actor, stage actor, trade unionist, painter, artist, baseball player, painter, artist, athlete, rower, sport shooter, jockey
245|Rebellion Record: a Diary of American Events: Index, Volume 2.|Frank Moore|1862|1904-08-10T00:00:00Z|1828-12-17T00:00:00Z|Frank Moore|American journalist|United States of America|male||historian, journalist, actor, film actor, stage actor, trade unionist, painter, artist, baseball player, painter, artist, athlete, rower, sport shooter, jockey
246|Rebellion Record: a Diary of American Events: Index, Volume 3.|Frank Moore|1862|1904-08-10T00:00:00Z|1828-12-17T00:00:00Z|Frank Moore|American journalist|United States of America|male||historian, journalist, actor, film actor, stage actor, trade unionist, painter, artist, baseball player, painter, artist, athlete, rower, sport shooter, jockey
247|Rebellion Record: a Diary of American Events: Poetry and Incidents., Volume 1.|Frank Moore|1862|1904-08-10T00:00:00Z|1828-12-17T00:00:00Z|Frank Moore|American journalist|United States of America|male||historian, journalist, actor, film actor, stage actor, trade unionist, painter, artist, baseball player, painter, artist, athlete, rower, sport shooter, jockey
248|Rebellion Record: a Diary of American Events: Poetry and Incidents., Volume 2.|Frank Moore|1862|1904-08-10T00:00:00Z|1828-12-17T00:00:00Z|Frank Moore|American journalist|United States of America|male||historian, journalist, actor, film actor, stage actor, trade unionist, painter, artist, baseball player, painter, artist, athlete, rower, sport shooter, jockey
249|Rebellion Record: a Diary of American Events: Poetry and Incidents., Volume 3.|Frank Moore|1862|1904-08-10T00:00:00Z|1828-12-17T00:00:00Z|Frank Moore|American journalist|United States of America|male||historian, journalist, actor, film actor, stage actor, trade unionist, painter, artist, baseball player, painter, artist, athlete, rower, sport shooter, jockey
25|The story of the First Massachusetts Light Battery, attached to the Sixth Army Corps: glance at events in the armies of the Potomac and Shenandoah, from the summer of 1861 to the autumn of 1864.|A. J. Bennett, private, First Massachusetts Light Battery|1886||||||||
250|Rebellion Record: a Diary of American Events: Poetry and Incidents., Volume 4.|Frank Moore|1862|1904-08-10T00:00:00Z|1828-12-17T00:00:00Z|Frank Moore|American journalist|United States of America|male||historian, journalist, actor, film actor, stage actor, trade unionist, painter, artist, baseball player, painter, artist, athlete, rower, sport shooter, jockey
251|Rebellion Record: a Diary of American Events: Poetry and Incidents., Volume 5.|Frank Moore|1862|1904-08-10T00:00:00Z|1828-12-17T00:00:00Z|Frank Moore|American journalist|United States of America|male||historian, journalist, actor, film actor, stage actor, trade unionist, painter, artist, baseball player, painter, artist, athlete, rower, sport shooter, jockey
252|Rebellion Record: a Diary of American Events: Poetry and Incidents., Volume 6.|Frank Moore|1862|1904-08-10T00:00:00Z|1828-12-17T00:00:00Z|Frank Moore|American journalist|United States of America|male||historian, journalist, actor, film actor, stage actor, trade unionist, painter, artist, baseball player, painter, artist, athlete, rower, sport shooter, jockey
253|Rebellion Record: a Diary of American Events: Poetry and Incidents., Volume 7.|Frank Moore|1862|1904-08-10T00:00:00Z|1828-12-17T00:00:00Z|Frank Moore|American journalist|United States of America|male||historian, journalist, actor, film actor, stage actor, trade unionist, painter, artist, baseball player, painter, artist, athlete, rower, sport shooter, jockey
254|Rebellion Record: a Diary of American Events: Poetry and Incidents., Volume 8.|Frank Moore|1862|1904-08-10T00:00:00Z|1828-12-17T00:00:00Z|Frank Moore|American journalist|United States of America|male||historian, journalist, actor, film actor, stage actor, trade unionist, painter, artist, baseball player, painter, artist, athlete, rower, sport shooter, jockey
256|Rebellion Record: Introduction., Volume 1.|Frank Moore|1862|1904-08-10T00:00:00Z|1828-12-17T00:00:00Z|Frank Moore|American journalist|United States of America|male||historian, journalist, actor, film actor, stage actor, trade unionist, painter, artist, baseball player, painter, artist, athlete, rower, sport shooter, jockey
257|The Public Life of Captain John Brown|James Redpath|1860|1891-02-10T00:00:00Z|1833-08-24T00:00:00Z|James Redpath|American journalist and abolitionist||male|http://commons.wikimedia.org/wiki/Special:FilePath/JamesRedpath.png|journalist
258|The Roving Editor: or, Talks with Slaves in the Southern States.|James Redpath|1859|1891-02-10T00:00:00Z|1833-08-24T00:00:00Z|James Redpath|American journalist and abolitionist||male|http://commons.wikimedia.org/wiki/Special:FilePath/JamesRedpath.png|journalist
259|Julia Ward Howe, 1819-1910, in two volumes, with portraits and other illustrations: volume 1|Laura E. Richards; Maud Howe; Florence Howe Hall|1916|Boston|1850-02-27T00:00:00Z|Laura E. Richards|American writer|United States of America|female|http://commons.wikimedia.org/wiki/Special:FilePath/Portrait%20of%20Laura%20E.%20Richards.jpg|writer, poet, children's writer, biographer
26|A narrative of the great revival which prevailed in the Southern armies during the late Civil War|William W. Bennett|1877|Derbyshire|1841-02-04T00:00:00Z|William Weaver Bennett|New Jersey politician|United States of America|male|http://commons.wikimedia.org/wiki/Special:FilePath/William%20Weaver%20Bennett%20circa%201900%20crop.jpg|politician, editor
260|Confederate Military History, a library of Confederate States Military History: Volume 11.1, Texas|Col. O. M. Roberts|1899||||||||
261|Confederate Military History, a library of Confederate States Military History: Volume 12.1, Alabama|Col. O. M. Roberts|1899||||||||
262|The military operations of General Beauregard in the war between the states, 1861 to 1865|Alfred Roman|1883||||||||
263|The military operations of General Beauregard in the war between the states, 1861 to 1865|Alfred Roman|1883||||||||
264|A Roster of General Officers, Heads of Departments, Senators, Representatives, Military Organizations, &c., &c., in Confederate Service during the War between the States.|Charles C. Jones, Jr. Late Lieut. Colonel of Artillery, C. S. A.|1876||||||||
266|Boston events: a brief mention and the date of more than 5,000 events that transpired in Boston from 1630 to 1880, covering a period of 250 years, together with other occurrences of interest, arranged in alphabetical order, Police Recollections; Or Boston by Daylight and Gas-Light.|Edward H. Savage, author of Police Recollections; Or Boston by Daylight and Gas-Light.|1884||||||||
267|The Art of War written expressly for and dedicated to the U.S. Volunteer Army.|Emil Schalk, A. O.|1862||||||||
268|Forty-six years in the Army|John M. Schofield|1897||||||||
269|A history of Massachusetts in the Civil War: Volume 1|William Schouler|1868|Kilbarchan|1814-12-31T00:00:00Z|William Schouler|American politician|United States of America|male|http://commons.wikimedia.org/wiki/Special:FilePath/William%20Schouler.jpg|politician, journalist
27|History of the 121st New York State Infantry|Isaac O. Best|1921||||||||
270|A history of Massachusetts in the Civil War: Volume 2|William Schouler|1871|Kilbarchan|1814-12-31T00:00:00Z|William Schouler|American politician|United States of America|male|http://commons.wikimedia.org/wiki/Special:FilePath/William%20Schouler.jpg|politician, journalist
271|Memoirs of Service Afloat During the War Between the States|Raphael Semmes|1868|Charles County|1809-09-27T00:00:00Z|Raphael Semmes|Confederate Army general|United States of America|male|http://commons.wikimedia.org/wiki/Special:FilePath/Raphael%20Semmes.jpg|lawyer, judge, military officer
272|Personal Memoirs of P. H. Sheridan, General, United States Army.|Philip Henry Sheridan|1888|Albany|1831-03-06T00:00:00Z|Philip Sheridan|United States Army general|United States of America|male|http://commons.wikimedia.org/wiki/Special:FilePath/Philip%20Sheridan.jpg|military officer, politician
273|Memoirs of General William T. Sherman. |William Tecumseh Sherman|1875|Lancaster|1820-02-08T00:00:00Z|William Tecumseh Sherman|American General, businessman, educator, and author|United States of America|male|http://commons.wikimedia.org/wiki/Special:FilePath/William%20tecumseh%20sherman.jpg|military officer, banker, lawyer
274|Lectures on the Philosophy and Practice of Slavery as exhibited in the Institution of Domestic Slavery in the United States: withe Duties of Masters to Slaves.|William A. Smith, DD. President of Randolph-Macon College, and Professor of Moral and Intellectual Philosophy.|1857||||||||
275|The Soldiers' Monument in Cambridge: Proceedings in relation to the building and dedication of the monument erected in the years, 1869-1870. |-|1870|http://www.wikidata.org/entity/Q42292902||Paulus Saari|||male||researcher, poet, poet, dancer, poet, singer, composer
276|Confederate Military History, a library of Confederate States Military History: Volume 7.1, The blockade and the cruisers|James Russell Soley, Professor U. S. Navy|1899||||||||
277|Southern Historical Society Papers, Volume 1.|Reverend J. William Jones|1876||||||||
278|Southern Historical Society Papers, Volume 10.|Reverend J. William Jones|1882||||||||
279|Southern Historical Society Papers, Volume 11.|Reverend J. William Jones|1883||||||||
28|Hardtack and Coffee: The Unwritten Story of Army Life|John D. Billings|1888||||||||
280|Southern Historical Society Papers, Volume 12.|Reverend J. William Jones|1884||||||||
281|Southern Historical Society Papers, Volume 13.|Reverend J. William Jones|1885||||||||
282|Southern Historical Society Papers, Volume 14.|Reverend J. William Jones|1886||||||||
283|Southern Historical Society Papers, Volume 15.|Reverend J. William Jones|1887||||||||
284|Southern Historical Society Papers, Volume 16.|Reverend J. William Jones|1888||||||||
285|Southern Historical Society Papers, Volume 17.|Reverend J. William Jones|1889||||||||
286|Southern Historical Society Papers, Volume 18.|Reverend J. William Jones|1890||||||||
287|Southern Historical Society Papers, Volume 19.|Reverend J. William Jones|1891||||||||
288|Southern Historical Society Papers, Volume 2.|Reverend J. William Jones|1876||||||||
289|Southern Historical Society Papers, Volume 20.|Reverend J. William Jones|1892||||||||
29|The history of the Tenth Massachusetts battery of light artillery in the war of the rebellion|John D. Billings|1909||||||||
290|Southern Historical Society Papers, Volume 21.|Reverend J. William Jones|1893||||||||
291|Southern Historical Society Papers, Volume 22.|Reverend J. William Jones|1894||||||||
292|Southern Historical Society Papers, Volume 23.|Reverend J. William Jones|1895||||||||
293|Southern Historical Society Papers, Volume 24.|Reverend J. William Jones|1896||||||||
294|Southern Historical Society Papers, Volume 25.|Reverend J. William Jones|1897||||||||
295|Southern Historical Society Papers, Volume 26.|Reverend J. William Jones|1898||||||||
296|Southern Historical Society Papers, Volume 27.|Reverend J. William Jones|1899||||||||
297|Southern Historical Society Papers, Volume 28.|Reverend J. William Jones|1900||||||||
298|Southern Historical Society Papers, Volume 29.|Reverend J. William Jones|1901||||||||
3|Military memoirs of a Confederate: a critical narrative|Edward Porter Alexander|1907|Washington|1835-05-26T00:00:00Z|Edward Porter Alexander|Confederate Army general|United States of America|male|http://commons.wikimedia.org/wiki/Special:FilePath/Edward%20Porter%20Alexander.jpg|engineer, military personnel
30|Memoirs of the Confederate War for Independence|Heros von Borcke|1866|Ehrenbreitstein Fortress|1835-07-23T00:00:00Z|Heros von Borcke|Confederate Army officer|Germany|male|http://commons.wikimedia.org/wiki/Special:FilePath/Heros-Borcke-2.jpg|writer
301|Southern Historical Society Papers, Volume 31.|Reverend J. William Jones|1903||||||||
303|Southern Historical Society Papers, Volume 33.|Reverend J. William Jones|1905||||||||
304|Southern Historical Society Papers, Volume 34.|Reverend J. William Jones|1906||||||||
306|Southern Historical Society Papers, Volume 36.|Reverend J. William Jones|1908||||||||
307|Southern Historical Society Papers, Volume 37.|Reverend J. William Jones|1909||||||||
308|Southern Historical Society Papers, Volume 4.|Reverend J. William Jones|1877||||||||
309|Southern Historical Society Papers, Volume 5.|Reverend J. William Jones|1878||||||||
31|Sherman's Historical Raid|William Boynton|1875|1689-08-17T00:00:00Z|1641-07-14T00:00:00Z|William Boynton|English politician||male||politician
310|Southern Historical Society Papers, Volume 6.|Reverend J. William Jones|1878||||||||
311|Southern Historical Society Papers, Volume 7.|Reverend J. William Jones|1878||||||||
312|Southern Historical Society Papers, Volume 8.|Reverend J. William Jones|1880||||||||
313|Southern Historical Society Papers, Volume 9.|Reverend J. William Jones|1881||||||||
314|The Autobiography of Sir Henry Morton Stanley|Henry Morton Stanley; Dorothy Stanley|1909|Denbigh|1841-01-28T00:00:00Z|Henry Morton Stanley|Welsh journalist and explorer|Wales|male|http://commons.wikimedia.org/wiki/Special:FilePath/Henry%20M%20Stanley%201872.jpg|writer, politician, journalist, writer, politician, journalist, explorer, explorer
317|Harriet Beecher Stowe compiled from her letters and journals by her son Charles Edward Stowe|Charles E. Stowe|1889||||||||
318|Campaigns of the Army of the Potomac|William Swinton|1866|1892-01-01T00:00:00Z|1833-01-01T00:00:00Z|William Swinton|1833-1892||male||journalist
319|Life, letters and journals of George Ticknor|George Ticknor|1876|Boston|1791-08-01T00:00:00Z|George Ticknor|American academician and Hispanist|United States of America|male|http://commons.wikimedia.org/wiki/Special:FilePath/George%20Ticknor.jpg|historian, university teacher, journalist, romanist
32|Memoirs of the Rebellion on the Border 1863.|Wiley Britton|1882||||||||
320|Life, letters and journals of George Ticknor|George Ticknor|1876|Boston|1791-08-01T00:00:00Z|George Ticknor|American academician and Hispanist|United States of America|male|http://commons.wikimedia.org/wiki/Special:FilePath/George%20Ticknor.jpg|historian, romanist, journalist, university teacher
321|Lives of the eminent Unitarians|the Rev. W. Turner, Jun., MA.|1840||||||||
322|History of the Nineteenth regiment, Massachusetts volunteer infantry, 1861-1865|Waitt, Ernest Linden|1906||||||||
323|History of the Second Massachusetts Battery of Light Artillery (Nims' Battery): 1861-1865, compiled from records of the Rebellion, official reports, diaries and rosters|Caroline E. Whitcomb|1912||||||||
324|Confederate Military History, a library of Confederate States Military History: Volume 2.2, West Virginia|Col. Robert White|1899||||||||
325|The life of Charles Henry Dana|John Harrison Wilson|1907||||||||
326|Ulysses S. Grant|Owen Wister|1901|Germantown|1860-07-14T00:00:00Z|Owen Wister|American writer|United States of America|male|http://commons.wikimedia.org/wiki/Special:FilePath/Owen%20Wister.jpg|writer, novelist
327|The writings of John Greenleaf Whittier, Volume 1.|John Greenleaf Whittier|1888|Haverhill|1807-12-17T00:00:00Z|John Greenleaf Whittier|American Quaker poet and advocate of the abolition of slavery|United States of America|male|http://commons.wikimedia.org/wiki/Special:FilePath/John%20Greenleaf%20Whittier%20November%2025%201885.jpg|writer, poet, journalist
328|The writings of John Greenleaf Whittier, Volume 2.|John Greenleaf Whittier|1888|Haverhill|1807-12-17T00:00:00Z|John Greenleaf Whittier|American Quaker poet and advocate of the abolition of slavery|United States of America|male|http://commons.wikimedia.org/wiki/Special:FilePath/John%20Greenleaf%20Whittier%20November%2025%201885.jpg|writer, poet, journalist
33|The camp, the battlefield, and the hospital: or, lights and shadows of the great rebellion|L. P. Brockett|1866||||||||
330|The writings of John Greenleaf Whittier, Volume 4.|John Greenleaf Whittier|1888|Haverhill|1807-12-17T00:00:00Z|John Greenleaf Whittier|American Quaker poet and advocate of the abolition of slavery|United States of America|male|http://commons.wikimedia.org/wiki/Special:FilePath/John%20Greenleaf%20Whittier%20November%2025%201885.jpg|writer, poet, journalist
331|The writings of John Greenleaf Whittier, Volume 5.|John Greenleaf Whittier|1888|Haverhill|1807-12-17T00:00:00Z|John Greenleaf Whittier|American Quaker poet and advocate of the abolition of slavery|United States of America|male|http://commons.wikimedia.org/wiki/Special:FilePath/John%20Greenleaf%20Whittier%20November%2025%201885.jpg|writer, poet, journalist
332|The writings of John Greenleaf Whittier, Volume 6.|John Greenleaf Whittier|1888|Haverhill|1807-12-17T00:00:00Z|John Greenleaf Whittier|American Quaker poet and advocate of the abolition of slavery|United States of America|male|http://commons.wikimedia.org/wiki/Special:FilePath/John%20Greenleaf%20Whittier%20November%2025%201885.jpg|writer, poet, journalist
333|The writings of John Greenleaf Whittier, Volume 7.|John Greenleaf Whittier|1888|Haverhill|1807-12-17T00:00:00Z|John Greenleaf Whittier|American Quaker poet and advocate of the abolition of slavery|United States of America|male|http://commons.wikimedia.org/wiki/Special:FilePath/John%20Greenleaf%20Whittier%20November%2025%201885.jpg|writer, poet, journalist
34|Women's work in the civil war: a record of heroism, patriotism and patience|L. P. Brockett|1867||||||||
35|Buchanan's administration on the eve of the rebellion|James Buchanan|1866|1897-01-01T00:00:00Z|1849-01-01T00:00:00Z|James Buchanan|British teacher||male||
36|Butler's Book: Autobiography and Personal Reminiscences of Major-General Benjamin Butler|Benjamnin F. Butler|1892||||||||
38|Cambridge History of American Literature: volume 1, Colonial and Revolutionary Literature: Early National Literature: Part I|Trent, William Peterfield, 1862-1939.; Erskine, John, 1879-1951.; Sherman, Stuart Pratt, 1881-1926.; Van Doren, Carl, 1885-1950.|1921||||||||
39|Cambridge History of American Literature: volume 2|Trent, William Peterfield, 1862-1939.; Erskine, John, 1879-1951.; Sherman, Stuart Pratt, 1881-1926.; Van Doren, Carl, 1885-1950.|1921||||||||
4|Confederate Military History, a library of Confederate States Military History: Volume 7.2, The Atlantic Coast|Daniel Ammen|1899|Brown County|1820-05-15T00:00:00Z|Daniel Ammen|United States Navy admiral|United States of America|male|http://commons.wikimedia.org/wiki/Special:FilePath/Daniel%20Ammen.jpg|military officer
40|Cambridge History of American Literature: volume 3|Trent, William Peterfield, 1862-1939.; Erskine, John, 1879-1951.; Sherman, Stuart Pratt, 1881-1926.; Van Doren, Carl, 1885-1950.|1921||||||||
41|The Cambridge of eighteen hundred and ninety-six: a picture of the city and its industries fifty years after its incorporation|Arthur Gilman|1896|Alton|1837-06-22T00:00:00Z|Arthur Gilman|United States writer and educator|United States of America|male|http://commons.wikimedia.org/wiki/Special:FilePath/Arthur%20Gilman%20%28educator%29.jpg|banker
42|Cambridge sketches|Estelle M. H. Merrill|1896|Jefferson|1858-09-30T00:00:00Z|Estelle M. H. Merrill|American journalist, editor|United States of America|female|http://commons.wikimedia.org/wiki/Special:FilePath/Estelle%20M.%20H.%20Merrill%20%281898%29.png|writer, journalist, newspaper editor
44|Six Months at the White House|Francis B. Carpenter|1866|Homer|1830-08-06T00:00:00Z|Francis Bicknell Carpenter|American artist|United States of America|male|http://commons.wikimedia.org/wiki/Special:FilePath/Francis%20Bicknell%20Carpenter.jpg|painter
45|The Passing of the Armies: The Last Campaign of the Armies.|Joshua Lawrence Chamberlain|1915|Brewer|1828-09-08T00:00:00Z|Joshua Lawrence Chamberlain|Union Army general and Medal of Honor recipient|United States of America|male|http://commons.wikimedia.org/wiki/Special:FilePath/Joshua%20Chamberlain%20-%20Brady-Handy.jpg|politician, university teacher, military officer
46|William Lloyd Garrison|John Jay Chapman|1921|New York City|1862-03-02T00:00:00Z|John Jay Chapman|American author|United States of America|male|http://commons.wikimedia.org/wiki/Special:FilePath/Photo%20of%20John%20Jay%20Chapman.jpg|biographer, lawyer
47|Isaac T. Hopper: a true life|Lydia Maria Child|1854|Medford|1802-02-11T00:00:00Z|Lydia Maria Child|American abolitionist, author and women's rights activist|United States of America|female|http://commons.wikimedia.org/wiki/Special:FilePath/Lydia%20Maria%20Child.jpg|writer, novelist, poet, journalist, geologist
48|Letters of Lydia Maria Child|Lydia Maria Child|1884|Medford|1802-02-11T00:00:00Z|Lydia Maria Child|American abolitionist, author and women's rights activist|United States of America|female|http://commons.wikimedia.org/wiki/Special:FilePath/Lydia%20Maria%20Child.jpg|writer, novelist, poet, journalist, geologist
49|Battlefields of the South from Bull Run to Fredericksburgh; with sketches of Confederate commanders, and gossip of the camps.|An English Combatant, Lieutenant of Artillery of the Field Staff.|1864||||||||
5|The war-time journal of a Georgia girl, 1864-1865|Eliza Frances Andrews|1908|Washington|1840-08-10T00:00:00Z|Eliza Frances Andrews|American writer, botanist, and teacher|United States of America|female|http://commons.wikimedia.org/wiki/Special:FilePath/Eliza%20Frances%20Andrews.jpg|botanist, novelist, essayist
50|Tribune Essays: Leading Articles Contributing to the New York Tribune from 1857 to 1863.|Charles Congdon|1869|Blaine|1909-11-12T00:00:00Z|Charles Congdon|professional golfer|United States of America|male||golfer, cricketer, cricketer
51|Wearing of the Gray: Being Personal Portraits, Scenes, and Adventures of War.|John Esten Cooke|1867|Virginia|1830-11-03T00:00:00Z|John Esten Cooke|novelist|United States of America|male|http://commons.wikimedia.org/wiki/Special:FilePath/John%20Esten%20Cooke%20wmm.jpg|novelist, biographer, physician, educator
53|Life of Ulysses S. Grant: His Boyhood, Campaigns, and Services, Military and Civil.|William A. Crafts|1868||||||||
54|Garrison the non-resistant|Ernest Crosby|1905||||||||
55|Confederate Military History, a library of Confederate States Military History: Volume 1.1, Legal Justification of the South in secession, The South as a factor in the territorial expansion of the United States|Hon. J. L. M. Curry, LL.D.; William Robertson Garrett, A. M., Ph.D.|1899||||||||
57|Life and Commands of Lieutenand-General Thomas J. Jackson|Robert Lewis Dabney|1866|1898-01-03T00:00:00Z|1820-03-05T00:00:00Z|Robert Lewis Dabney|American theologian|United States of America|male|http://commons.wikimedia.org/wiki/Special:FilePath/Photo%20of%20Robert%20Lewis%20Dabney.jpg|architect, theologian, biographer
58|The Rise and Fall of the Confederate Government|Jefferson Davis|1881|Fairview|1808-06-03T00:00:00Z|Jefferson Davis|President of the Confederate States (in office from 1861 to 1865)|Confederate States of America|male|http://commons.wikimedia.org/wiki/Special:FilePath/President-Jefferson-Davis.jpg|political writer, slaveholder
59|The Rise and Fall of the Confederate Government|Jefferson Davis|1881|Fairview|1808-06-03T00:00:00Z|Jefferson Davis|President of the Confederate States (in office from 1861 to 1865)|Confederate States of America|male|http://commons.wikimedia.org/wiki/Special:FilePath/President-Jefferson-Davis.jpg|political writer, slaveholder
6|The Annals of the Civil War Written by Leading Participants North and South|Alexander Kelly McClure|1878|1909-06-06T00:00:00Z|1828-01-09T00:00:00Z|Alexander McClure|American politician|United States of America|male|http://commons.wikimedia.org/wiki/Special:FilePath/Alexander%20Kelly%20McClure.jpg|politician, journalist, editor
60|Jefferson Davis: Ex-President of the Confederate States of America, A Memoir by his Wife, Volume 1|Varina Davis|1890|Natchez|1826-05-07T00:00:00Z|Varina Davis|First Lady of the Confederate States|United States of America|female|http://commons.wikimedia.org/wiki/Special:FilePath/Varina%20Howell.jpg|writer, journalist
61|Jefferson Davis: Ex-President of the Confederate States of America, A Memoir by his Wife, Volume 2|Varina Davis|1890|Natchez|1826-05-07T00:00:00Z|Varina Davis|First Lady of the Confederate States|United States of America|female|http://commons.wikimedia.org/wiki/Special:FilePath/Varina%20Howell.jpg|writer, journalist
62|Four years in Rebel capitals: an inside view of life in the southern confederacy, from birth to death.|Thomas C. DeLeon|1890||||||||
64|Confederate Military History, a library of Confederate States Military History: Volume 11.2, Florida|Col. J. J. Dickison|1899||||||||
65|Confederate Military History, a library of Confederate States Military History: Volume 10.1, Louisiana|John Dimitry, A. M.|1899||||||||
66|White Conquest: Volume 1|William Hepworth Dixon|1875|Manchester|1821-06-30T00:00:00Z|William Hepworth Dixon|English historian and traveller|United Kingdom of Great Britain and Ireland|male|http://commons.wikimedia.org/wiki/Special:FilePath/William%20Hepworth%20Dixon%20ca.%201868.jpg|writer
67|White Conquest: Volume 2|William Hepworth Dixon|1875|Manchester|1821-06-30T00:00:00Z|William Hepworth Dixon|English historian and traveller|United Kingdom of Great Britain and Ireland|male|http://commons.wikimedia.org/wiki/Special:FilePath/William%20Hepworth%20Dixon%20ca.%201868.jpg|writer
7|Civilization in the United States: First and Last Impressions of America.|Matthew Arnold|1888|Laleham|1822-12-24T00:00:00Z|Matthew Arnold|English poet and cultural critic who worked as an inspector of schools|United Kingdom of Great Britain and Ireland|male|http://commons.wikimedia.org/wiki/Special:FilePath/Matthew%20Arnold%20-%20Project%20Gutenberg%20eText%2016745.jpg|writer, poet, journalist, university teacher, literary critic
71|Lieutenant General Jubal A. Early, C. S. A.|Jubal Anderson Early; Ruth Hairston Early|1912|Franklin County|1816-11-03T00:00:00Z|Jubal Early|Confederate Army general, lawyer and politician|United States of America|male|http://commons.wikimedia.org/wiki/Special:FilePath/JubalEarly.jpeg|politician, lawyer, military personnel
72|History of the Fifty-Fourth Regiment of Massachusetts Volunteer Infantry, 1863-1865|Emilio, Luis F.|1894||||||||
75|Three Months in the Southern States|Lt.-Colonel Arthur J. Fremantle|1864||||||||
76|Memoirs of Margaret Fuller Ossoli|Margaret Fuller|1852|Cambridge|1810-05-23T00:00:00Z|Margaret Fuller|American feminist, poet, author, and activist|United States of America|female|http://commons.wikimedia.org/wiki/Special:FilePath/FullerDaguerreotype.jpg|critic, philosopher, writer, journalist, essayist, translator, autobiographer, reporter, feminist
77|William Lloyd Garrison, 1805-1879; the story of his life told by his children: volume 1|Francis Jackson Garrison|1889||||||||
78|William Lloyd Garrison, 1805-1879; the story of his life told by his children: volume 2|Francis Jackson Garrison|1889||||||||
79|William Lloyd Garrison, 1805-1879; the story of his life told by his children: volume 3|Francis Jackson Garrison|1889||||||||
8|The Atlanta (Georgia) Campaign: May 1 - September 8, 1864., Part I: General Report.|Maj. George B. Davis; Mr. Leslie J. Perry; Mr. Joseph W. Kirkley|1891||||||||
80|William Lloyd Garrison, 1805-1879; the story of his life told by his children: volume 4|Francis Jackson Garrison|1889||||||||
81|Beyond the lines: A Yankee prisoner loose in Dixie|John James Geer|1864||||||||
83|George P. Rowell and Company's American Newspaper Directory, containing accurate lists of all the newspapers and periodicals published in the United States and territories, and the dominion of Canada, and British Colonies of North America., together with a description of the towns and cities in which they are published.|George P. Rowell and company|1869||||||||
84|From Brook Farm to Cedar Mountain|George H. Gordon|1883||||||||
85|Personal Memoirs of U. S. Grant |Ulysses S. Grant|1885|Point Pleasant|1822-04-27T00:00:00Z|Ulysses S. Grant|Union general, politician and 18th President of the United States|United States of America|male|http://commons.wikimedia.org/wiki/Special:FilePath/Ugrant.jpeg|military leader, politician, statesperson
86|The American Conflict: A History of the Great Rebellion in the United States of America, 1860-65: its Causes, Incidents, and Results: Intended to exhibit especially its moral and political phases with the drift and progress of American opinion respecting human slavery from 1776 to the close of the War for the Union. Volume I.|Horace Greeley|1866|Amherst|1811-02-03T00:00:00Z|Horace Greeley|American politician and publisher|United States of America|male|http://commons.wikimedia.org/wiki/Special:FilePath/Horace%20Greeley%20restored.jpg|editor, politician, publisher, journalist
87|The American Conflict: A History of the Great Rebellion in the United States of America, 1860-65: its Causes, Incidents, and Results: Intended to exhibit especially its moral and political phases with the drift and progress of American opinion respecting human slavery from 1776 to the close of the War for the Union. Volume II.|Horace Greeley|1866|Amherst|1811-02-03T00:00:00Z|Horace Greeley|American politician and publisher|United States of America|male|http://commons.wikimedia.org/wiki/Special:FilePath/Horace%20Greeley%20restored.jpg|editor, politician, publisher, journalist
88|William Lloyd Garrison the Abolitionist|Archibald H. Grimke|1889||||||||
89|A blockaded family: Life in southern Alabama during the war|Parthenia Antoinette Hague|1888||||||||
9|Grant in peace: from Appomattox to Mount McGregor, a personal memoir|Adam Badeau|1887|New York City|1831-12-29T00:00:00Z|Adam Badeau|American diplomat|United States of America|male|http://commons.wikimedia.org/wiki/Special:FilePath/Col.%20Adam%20Badeau%20-%20NARA%20-%20526750.jpg|diplomat
90|Elements of Military Art and Science; or, Course of Instruction in Strategy, Fortification, Tactis of Battles &c., Embracing the Duties of Staff, Infantry, Cavalry, Artillery and Engineers. Adapted to the Use of Volunteers and Militia.|H. Wager Halleck, A. M., Lieut. of Engineers, U. S. Army.|1846||||||||
91|Harper's Encyclopedia of United States History|Benson Lossing|1902||||||||
92|Confederate Military History, a library of Confederate States Military History: Volume 10.2, Arkansas|Col. John M. Harrell|1899||||||||
93|Herndon's Lincoln: The True Story of a Great Life, Etiam in minimis major, The History and Personal Recollections of Abraham Lincoln by William H. Herndon, for twenty years his friend and Jesse William Weik|William H. Herndon; Jesse William Weik|1888|Greensburg|1818-12-25T00:00:00Z|William Herndon|law partner and biographer of Abraham Lincoln|United States of America|male|http://commons.wikimedia.org/wiki/Special:FilePath/William%20Herndon.jpg|politician, lawyer, biographer
94|Thomas Wentworth Higginson: the story of his life|Mary Thacher Higginson|1914||||||||
96|Army Life in a Black Regiment|Thomas Wentworth Higginson|1870|Cambridge|1823-12-22T00:00:00Z|Thomas Wentworth Higginson|Union United States Army officer|United States of America|male|http://commons.wikimedia.org/wiki/Special:FilePath/TWHigginson.jpg|writer, politician, poet
97|Atlantic Essays|Thomas Wentworth Higginson|1874|Cambridge|1823-12-22T00:00:00Z|Thomas Wentworth Higginson|Union United States Army officer|United States of America|male|http://commons.wikimedia.org/wiki/Special:FilePath/TWHigginson.jpg|politician, writer, poet
98|Book and heart: essays on literature and life|Thomas Wentworth Higginson|1897|Cambridge|1823-12-22T00:00:00Z|Thomas Wentworth Higginson|Union United States Army officer|United States of America|male|http://commons.wikimedia.org/wiki/Special:FilePath/TWHigginson.jpg|politician, writer, poet
99|A book of American explorers|Thomas Wentworth Higginson|1877|Cambridge|1823-12-22T00:00:00Z|Thomas Wentworth Higginson|Union United States Army officer|United States of America|male|http://commons.wikimedia.org/wiki/Special:FilePath/TWHigginson.jpg|politician, writer, poet
