Author|Title|Publishing Date|author_wikidata_id|date_birth|date_death|author_description|origin|birth_place|gender|author_image|occupation
John G. B. Adams|Reminiscences of the Nineteenth Massachusetts Regiment|1899|http://www.wikidata.org/entity/Q6234442|6/10/1841|19/10/1900|United States Army Medal of Honor recipient|United States of America|Groveland|male|-|-
Elizabeth Cary Agassiz|Louis Agassiz: his life and correspondence, third edition|1885|http://www.wikidata.org/entity/Q272750|5/12/1822|27/6/1907|American educator|United States of America|Boston|female|http://commons.wikimedia.org/wiki/Special:FilePath/Elizabeth%20Cary%20Agassiz%2C%201852%20portrait.jpg|naturalist, philosopher, writer, biographer
Louisa May Alcott|Hospital Sketches: An Army Nurse's True Account of her Experience during the Civil War.|1863|http://www.wikidata.org/entity/Q185696|29/11/1832|6/3/1888|American novelist|United States of America|Germantown|female|http://commons.wikimedia.org/wiki/Special:FilePath/Louisa%20May%20Alcott%20headshot.jpg|writer, novelist, poet, children's writer, nurse, suffragette
Edward Porter Alexander|Military memoirs of a Confederate: a critical narrative|1907|http://www.wikidata.org/entity/Q1293272|26/5/1835|28/4/1910|Confederate Army general|United States of America|Washington|male|http://commons.wikimedia.org/wiki/Special:FilePath/Edward%20Porter%20Alexander.jpg|engineer, military personnel
Daniel Ammen|Confederate Military History, a library of Confederate States Military History: Volume 7.2, The Atlantic Coast|1899|http://www.wikidata.org/entity/Q5216405|15/5/1820|11/7/1898|United States Navy admiral|United States of America|Brown County|male|http://commons.wikimedia.org/wiki/Special:FilePath/Daniel%20Ammen.jpg|military officer
Eliza Frances Andrews|The war-time journal of a Georgia girl, 1864-1865|1908|http://www.wikidata.org/entity/Q5362133|10/8/1840|21/1/1931|American writer, botanist, and teacher|United States of America|Washington|female|http://commons.wikimedia.org/wiki/Special:FilePath/Eliza%20Frances%20Andrews.jpg|botanist, novelist, essayist, teacher
Alexander Kelly McClure|The Annals of the Civil War Written by Leading Participants North and South|1878|http://www.wikidata.org/entity/Q4719577|9/1/1828|6/6/1909|American politician|United States of America|-|male|http://commons.wikimedia.org/wiki/Special:FilePath/Alexander%20Kelly%20McClure.jpg|politician, journalist, editor
Matthew Arnold|Civilization in the United States: First and Last Impressions of America.|1888|http://www.wikidata.org/entity/Q271032|24/12/1822|15/4/1888|English poet and cultural critic who worked as an inspector of schools|United Kingdom of Great Britain and Ireland|Laleham|male|http://commons.wikimedia.org/wiki/Special:FilePath/Matthew%20Arnold%20-%20Project%20Gutenberg%20eText%2016745.jpg|writer, poet, journalist, university teacher, literary critic
George B. Davis; Mr. Leslie J. Perry; Mr. Joseph W. Kirkley|The Atlanta (Georgia) Campaign: May 1 - September 8, 1864., Part I: General Report.|1891|http://www.wikidata.org/entity/Q50314062|13/2/1847|16/12/1914|Judge Advocate General of the United States Army|-|Ware|male|http://commons.wikimedia.org/wiki/Special:FilePath/George%20Breckenridge%20Davis.jpg|writer
Adam Badeau|Grant in peace: from Appomattox to Mount McGregor, a personal memoir|1887|http://www.wikidata.org/entity/Q15429844|29/12/1831|19/3/1895|American diplomat|United States of America|New York City|male|http://commons.wikimedia.org/wiki/Special:FilePath/Col.%20Adam%20Badeau%20-%20NARA%20-%20526750.jpg|diplomat
Adam Badeau|Military history of Ulysses S. Grant from April 1861 to April 1865. Volume 1|1885|http://www.wikidata.org/entity/Q15429844|29/12/1831|19/3/1895|American diplomat|United States of America|New York City|male|http://commons.wikimedia.org/wiki/Special:FilePath/Col.%20Adam%20Badeau%20-%20NARA%20-%20526750.jpg|diplomat
Adam Badeau|Military history of Ulysses S. Grant from April 1861 to April 1865. Volume 2|1885|http://www.wikidata.org/entity/Q15429844|29/12/1831|19/3/1895|American diplomat|United States of America|New York City|male|http://commons.wikimedia.org/wiki/Special:FilePath/Col.%20Adam%20Badeau%20-%20NARA%20-%20526750.jpg|diplomat
Adam Badeau|Military history of Ulysses S. Grant from April 1861 to April 1865. Volume 3|1885|http://www.wikidata.org/entity/Q15429844|29/12/1831|19/3/1895|American diplomat|United States of America|New York City|male|http://commons.wikimedia.org/wiki/Special:FilePath/Col.%20Adam%20Badeau%20-%20NARA%20-%20526750.jpg|diplomat
George Bancroft|History of the Colonization of the United States, Vol. 1, 17th edition.|1859|http://www.wikidata.org/entity/Q618616|30/9/1882|2/10/1956|actor|United States of America|Philadelphia|male|http://commons.wikimedia.org/wiki/Special:FilePath/George%20Bancroft%20%281882%20%E2%80%931956%29.jpg|actor, military officer, film actor, stage actor
George Bancroft|History of the United States from the Discovery of the American Continent, Vol. 10|1874|http://www.wikidata.org/entity/Q618616|30/9/1882|2/10/1956|actor|United States of America|Philadelphia|male|http://commons.wikimedia.org/wiki/Special:FilePath/George%20Bancroft%20%281882%20%E2%80%931956%29.jpg|actor, military officer, film actor, stage actor
George Bancroft|History of the United States from the Discovery of the American Continent, Vol. 2, 17th edition.|1859|http://www.wikidata.org/entity/Q618616|30/9/1882|2/10/1956|actor|United States of America|Philadelphia|male|http://commons.wikimedia.org/wiki/Special:FilePath/George%20Bancroft%20%281882%20%E2%80%931956%29.jpg|actor, military officer, film actor, stage actor
George Bancroft|History of the United States from the Discovery of the American Continent, Vol. 3, 15th edition.|1860|http://www.wikidata.org/entity/Q618616|30/9/1882|2/10/1956|actor|United States of America|Philadelphia|male|http://commons.wikimedia.org/wiki/Special:FilePath/George%20Bancroft%20%281882%20%E2%80%931956%29.jpg|actor, military officer, film actor, stage actor
George Bancroft|History of the United States from the Discovery of the American Continent, Vol. 4, 15th edition.|1859|http://www.wikidata.org/entity/Q618616|30/9/1882|2/10/1956|actor|United States of America|Philadelphia|male|http://commons.wikimedia.org/wiki/Special:FilePath/George%20Bancroft%20%281882%20%E2%80%931956%29.jpg|actor, military officer, film actor, stage actor
George Bancroft|History of the United States from the Discovery of the American Continent, Vol. 5, 13th edition.|1860|http://www.wikidata.org/entity/Q618616|30/9/1882|2/10/1956|actor|United States of America|Philadelphia|male|http://commons.wikimedia.org/wiki/Special:FilePath/George%20Bancroft%20%281882%20%E2%80%931956%29.jpg|actor, military officer, film actor, stage actor
George Bancroft|History of the United States from the Discovery of the American Continent, Vol. 7, 4th edition.|1860|http://www.wikidata.org/entity/Q618616|30/9/1882|2/10/1956|actor|United States of America|Philadelphia|male|http://commons.wikimedia.org/wiki/Special:FilePath/George%20Bancroft%20%281882%20%E2%80%931956%29.jpg|actor, military officer, film actor, stage actor
George Bancroft|History of the United States from the Discovery of the American Continent, Vol. 8|1860|http://www.wikidata.org/entity/Q618616|30/9/1882|2/10/1956|actor|United States of America|Philadelphia|male|http://commons.wikimedia.org/wiki/Special:FilePath/George%20Bancroft%20%281882%20%E2%80%931956%29.jpg|actor, military officer, film actor, stage actor
James Barnes|The Photographic History of The Civil War: in ten volumes, Thousands of Scenes Photographed 1861-65, with Text by many Special Authorities, Volume 6: The Navy.|1912|http://www.wikidata.org/entity/Q6129373|1/1/1842|1/1/2000|Canadian politician|Canada|-|male|-|politician
John Beatty|The Citizen-Soldier; or, Memoirs of a Volunteer|1879|http://www.wikidata.org/entity/Q6221266|16/12/1828|4/12/1914|Union Army General|United States of America|-|male|http://commons.wikimedia.org/wiki/Special:FilePath/John%20Beatty.jpg|politician, military officer
Fannie A. Beers|Memories: a record of personal exeperience and adventure during four years of war.|1888|-|-|-|-|-|-|-|-|-
A. J. Bennett|The story of the First Massachusetts Light Battery , attached to the Sixth Army Corps : glance at events in the armies of the Potomac and Shenandoah, from the summer of 1861 to the autumn of 1864.|1886|http://www.wikidata.org/entity/Q4722915|1/1/1861|1/1/1923|British artist|-|-|male|-|painter, etcher
William W. Bennett|A narrative of the great revival which prevailed in the Southern armies during the late Civil War|1877|http://www.wikidata.org/entity/Q8019759|4/2/1841|13/6/1912|New Jersey politician|United States of America|Derbyshire|male|http://commons.wikimedia.org/wiki/Special:FilePath/William%20Weaver%20Bennett%20circa%201900%20crop.jpg|politician
Isaac O. Best|History of the 121st New York State Infantry|1921|-|-|-|-|-|-|-|-|-
John D. Billings|Hardtack and Coffee: The Unwritten Story of Army Life|1888|-|-|-|-|-|-|-|-|-
John D. Billings|The history of the Tenth Massachusetts battery of light artillery in the war of the rebellion|1909|-|-|-|-|-|-|-|-|-
Heros von Borcke|Memoirs of the Confederate War for Independence|1866|http://www.wikidata.org/entity/Q214433|23/7/1835|10/5/1895|Confederate Army officer|Germany|Ehrenbreitstein Fortress|male|http://commons.wikimedia.org/wiki/Special:FilePath/Heros-Borcke-2.jpg|writer
William Boynton|Sherman's Historical Raid|1875|http://www.wikidata.org/entity/Q8005812|-|-|-|-|-|-|-|-
Wiley Britton|Memoirs of the Rebellion on the Border 1863.|1882|-|-|-|-|-|-|-|-|-
L. P. Brockett|The camp, the battlefield, and the hospital: or, lights and shadows of the great rebellion|1866|-|-|-|-|-|-|-|-|-
L. P. Brockett|Women's work in the civil war: a record of heroism, patriotism and patience|1867|-|-|-|-|-|-|-|-|-
James Buchanan|Buchanan's administration on the eve of the rebellion|1866|http://www.wikidata.org/entity/Q12325|23/4/1791|1/6/1868|American politician, 15th President of the United States (in office from 1857 to 1861)|United States of America|-|male|https://commons.wikimedia.org/wiki/File:James%20Buchanan,%20by%20George%20Peter%20Alexander%20Healy.jpg|politician, statesperson
Benjamnin F. Butler|Butler's Book: Autobiography and Personal Reminiscences of Major-General Benjamin Butler|1892|-|-|-|-|-|-|-|-|-
William Peterfield Trent; Erskine, John; Sherman; Van Doren, Carl|Cambridge History of American Literature: volume 1, Colonial and Revolutionary Literature: Early National Literature: Part I|1921|http://www.wikidata.org/entity/Q8016816|10/11/1862|1/1/1939|United States man of letters|United States of America|-|male|-|historian, journalist, biographer
William Peterfield Trent; Erskine, John; Sherman, Stuart Pratt; Van Doren, Carl|Cambridge History of American Literature: volume 2|1921|http://www.wikidata.org/entity/Q8016816|10/11/1862|1/1/1939|United States man of letters|United States of America|-|male|-|historian, journalist, biographer
William Peterfield Trent; Erskine, John; Sherman, Stuart Pratt; Van Doren, Carl|Cambridge History of American Literature: volume 3|1921|http://www.wikidata.org/entity/Q8016816|10/11/1862|1/1/1939|United States man of letters|United States of America|-|male|-|historian, journalist, biographer
Arthur Gilman|The Cambridge of eighteen hundred and ninety-six: a picture of the city and its industries fifty years after its incorporation|1896|http://www.wikidata.org/entity/Q16037689|22/6/1837|27/12/1909|United States writer and educator|United States of America|Alton|male|http://commons.wikimedia.org/wiki/Special:FilePath/Arthur%20Gilman%20%28educator%29.jpg|banker
Estelle M. H. Merrill|Cambridge sketches|1896|http://www.wikidata.org/entity/Q56537868|30/9/1858|29/7/1908|American journalist, editor|United States of America|Jefferson|female|http://commons.wikimedia.org/wiki/Special:FilePath/Estelle%20M.%20H.%20Merrill%20%281898%29.png|writer, journalist, newspaper editor
Francis B. Carpenter|Six Months at the White House|1866|http://www.wikidata.org/entity/Q1441399|6/8/1830|23/5/1900|American artist|United States of America|Homer|male|http://commons.wikimedia.org/wiki/Special:FilePath/Francis%20Bicknell%20Carpenter.jpg|painter
Joshua Lawrence Chamberlain|The Passing of the Armies: The Last Campaign of the Armies.|1915|http://www.wikidata.org/entity/Q80766|8/9/1828|24/2/1914|Union Army general and Medal of Honor recipient|United States of America|Brewer|male|http://commons.wikimedia.org/wiki/Special:FilePath/Joshua%20Chamberlain%20-%20Brady-Handy.jpg|politician, university teacher, military officer
John Jay Chapman|William Lloyd Garrison|1921|http://www.wikidata.org/entity/Q2659392|2/3/1862|4/11/1933|American author|United States of America|New York City|male|http://commons.wikimedia.org/wiki/Special:FilePath/Photo%20of%20John%20Jay%20Chapman.jpg|biographer, lawyer
Lydia Maria Child|Isaac T. Hopper: a true life|1854|http://www.wikidata.org/entity/Q443132|11/2/1802|20/10/1880|American abolitionist, author and women's rights activist|United States of America|Medford|female|http://commons.wikimedia.org/wiki/Special:FilePath/Lydia%20Maria%20Child.jpg|writer, novelist, poet, journalist, geologist
Lydia Maria Child|Letters of Lydia Maria Child|1884|http://www.wikidata.org/entity/Q443132|11/2/1802|20/10/1880|American abolitionist, author and women's rights activist|United States of America|Medford|female|http://commons.wikimedia.org/wiki/Special:FilePath/Lydia%20Maria%20Child.jpg|writer, novelist, poet, journalist, geologist
English Combatant|Battlefields of the South from Bull Run to Fredericksburgh; with sketches of Confederate commanders, and gossip of the camps.|1864|-|-|-|-|-|-|-|-|-
Charles Congdon|Tribune Essays: Leading Articles Contributing to the New York Tribune from 1857 to 1863.|1869|-|-|-|-|-|-|-|-|-
John Esten Cooke|Wearing of the Gray: Being Personal Portraits, Scenes, and Adventures of War.|1867|http://www.wikidata.org/entity/Q4245664|3/11/1830|27/9/1886|novelist|United States of America|Virginia|male|http://commons.wikimedia.org/wiki/Special:FilePath/John%20Esten%20Cooke%20wmm.jpg|novelist, biographer
William A. Crafts|Life of Ulysses S. Grant: His Boyhood, Campaigns, and Services, Military and Civil.|1868|http://www.wikidata.org/entity/Q52154518|1/1/1787|1/1/1826|-|-|-|-|-|writer
Ernest Crosby|Garrison the non-resistant|1905|-|-|-|-|-|-|-|-|-
Jabez L. M. Curry; William Robertson Garrett|Confederate Military History, a library of Confederate States Military History: Volume 1.1, Legal Justification of the South in secession, The South as a factor in the territorial expansion of the United States|1899|-|-|-|-|-|-|-|-|-
Robert Lewis Dabney|Life and Commands of Lieutenand- General Thomas J. Jackson|1866|http://www.wikidata.org/entity/Q7346881|5/3/1820|3/1/1898|American theologian|United States of America|-|male|http://commons.wikimedia.org/wiki/Special:FilePath/Photo%20of%20Robert%20Lewis%20Dabney.jpg|architect, theologian, biographer
Jefferson Davis|The Rise and Fall of the Confederate Government|1881|http://www.wikidata.org/entity/Q162269|3/6/1808|6/12/1889|President of the Confederate States (in office from 1861 to 1865)|United States of America|Fairview|male|http://commons.wikimedia.org/wiki/Special:FilePath/President-Jefferson-Davis.jpg|businessperson, politician, military officer
Jefferson Davis|The Rise and Fall of the Confederate Government_PART_2|1881|http://www.wikidata.org/entity/Q162269|3/6/1808|6/12/1889|President of the Confederate States (in office from 1861 to 1865)|Confederate States of America|Fairview|male|http://commons.wikimedia.org/wiki/Special:FilePath/President-Jefferson-Davis.jpg|political writer, slaveholder
Varina Davis|Jefferson Davis: Ex-President of the Confederate States of America, A Memoir by his Wife, Volume 1|1890|http://www.wikidata.org/entity/Q457993|7/5/1826|16/10/1906|First Lady of the Confederate States|United States of America|Natchez|female|http://commons.wikimedia.org/wiki/Special:FilePath/Varina%20Howell.jpg|writer, journalist
Varina Davis|Jefferson Davis: Ex-President of the Confederate States of America, A Memoir by his Wife, Volume 2|1890|http://www.wikidata.org/entity/Q457993|7/5/1826|16/10/1906|First Lady of the Confederate States|United States of America|Natchez|female|http://commons.wikimedia.org/wiki/Special:FilePath/Varina%20Howell.jpg|writer, journalist
Thomas C. DeLeon|Four years in Rebel capitals: an inside view of life in the southern confederacy, from birth to death.|1890|-|-|-|-|-|-|-|-|-
Col. J. J. Dickison|Confederate Military History, a library of Confederate States Military History: Volume 11.2, Florida|1899|-|-|-|-|-|-|-|-|-
John Dimitry, A. M.|Confederate Military History, a library of Confederate States Military History: Volume 10.1, Louisiana|1899|-|-|-|-|-|-|-|-|-
William Hepworth Dixon|White Conquest: Volume 1|1875|http://www.wikidata.org/entity/Q823245|30/6/1821|27/12/1879|English historian and traveller|United Kingdom of Great Britain and Ireland|Manchester|male|http://commons.wikimedia.org/wiki/Special:FilePath/William%20Hepworth%20Dixon%20ca.%201868.jpg|writer
William Hepworth Dixon|White Conquest: Volume 2|1875|http://www.wikidata.org/entity/Q823245|30/6/1821|27/12/1879|English historian and traveller|United Kingdom of Great Britain and Ireland|Manchester|male|http://commons.wikimedia.org/wiki/Special:FilePath/William%20Hepworth%20Dixon%20ca.%201868.jpg|writer
Jubal Anderson Early; Ruth Hairston Early|Lieutenant General Jubal A. Early , C. S. A.|1912|http://www.wikidata.org/entity/Q257497|3/11/1816|2/3/1894|Confederate Army general, lawyer and politician|United States of America|Franklin County|male|http://commons.wikimedia.org/wiki/Special:FilePath/JubalEarly.jpeg|lawyer, politician, military personnel
Luis F. Emilio|History of the Fifty-Fourth Regiment of Massachusetts Volunteer Infantry , 1863-1865|1894|http://www.wikidata.org/entity/Q6700534|22/12/1844|16/9/1918|Union Army officer|United States of America|-|male|https://commons.wikimedia.org/wiki/File:Emilio-1-258x306.jpg|-
Arthur J. Fremantle|Three Months in the Southern States|1864|-|-|-|-|-|-|-|-|-
Margaret Fuller|Memoirs of Margaret Fuller Ossoli|1852|http://www.wikidata.org/entity/Q257953|23/5/1810|19/7/1850|American feminist, poet, author, and activist|United States of America|Cambridge|female|http://commons.wikimedia.org/wiki/Special:FilePath/FullerDaguerreotype.jpg|critic, philosopher, writer, journalist, essayist, translator, autobiographer, reporter, feminist
Francis Jackson Garrison|William Lloyd Garrison, 1805-1879; the story of his life told by his children: volume 1|1889|-|-|-|-|-|-|-|-|-
Francis Jackson Garrison|William Lloyd Garrison, 1805-1879; the story of his life told by his children: volume 2|1889|-|-|-|-|-|-|-|-|-
Francis Jackson Garrison|William Lloyd Garrison, 1805-1879; the story of his life told by his children: volume 3|1889|-|-|-|-|-|-|-|-|-
Francis Jackson Garrison|William Lloyd Garrison, 1805-1879; the story of his life told by his children: volume 4|1889|-|-|-|-|-|-|-|-|-
John James Geer|Beyond the lines: A Yankee prisoner loose in Dixie|1864|-|-|-|-|-|-|-|-|-
George P. Rowell|George P. Rowell and Company's American Newspaper Directory, containing accurate lists of all the newspapers and periodicals published in the United States and territories, and the dominion of Canada, and British Colonies of North America., together with a description of the towns and cities in which they are published.|1869|http://www.wikidata.org/entity/Q5543133|4/7/1838|28/8/1908|advertising executive and publisher, founder of Printer's Ink|United States of America|-|male|-|businessperson
George Gordon|From Brook Farm to Cedar Mountain|1883|http://www.wikidata.org/entity/Q452920|5/10/1836|9/8/1911|Civil War general|United States of America|-|male|https://commons.wikimedia.org/wiki/File:George%20Washington%20Gordon.jpg|lawyer, politicain
Ulysses S. Grant|Personal Memoirs of U. S. Grant|1885|http://www.wikidata.org/entity/Q34836|27/4/1822|23/7/1885|Union general, politician and 18th President of the United States|United States of America|Point Pleasant|male|http://commons.wikimedia.org/wiki/Special:FilePath/Ugrant.jpeg|military leader, politician, statesperson
Horace Greeley|The American Conflict: A History of the Great Rebellion in the United States of America, 1860-65: its Causes, Incidents, and Results: Intended to exhibit especially its moral and political phases with the drift and progress of American opinion respecting human slavery from 1776 to the close of the War for the Union. Volume I.|1866|http://www.wikidata.org/entity/Q436790|3/2/1811|29/11/1872|American politician and publisher|United States of America|Amherst|male|http://commons.wikimedia.org/wiki/Special:FilePath/Horace%20Greeley%20restored.jpg|editor, politician, publisher, journalist
Horace Greeley|The American Conflict: A History of the Great Rebellion in the United States of America, 1860-65: its Causes, Incidents, and Results: Intended to exhibit especially its moral and political phases with the drift and progress of American opinion respecting human slavery from 1776 to the close of the War for the Union. Volume II.|1866|http://www.wikidata.org/entity/Q436790|3/2/1811|29/11/1872|American politician and publisher|United States of America|Amherst|male|http://commons.wikimedia.org/wiki/Special:FilePath/Horace%20Greeley%20restored.jpg|editor, politician, publisher, journalist
Archibald Grimke|William Lloyd Garrison the Abolitionist|1889|http://www.wikidata.org/entity/Q4786341|17/8/1849|25/2/1930|American lawyer and diplomat|United States of America|-|male|https://commons.wikimedia.org/wiki/File:Archibald%20Grimk%C3%A9.jpg|lawyer, journalist, diplomat
Parthenia Antoinette Hague|A blockaded family: Life in southern Alabama during the war|1888|-|-|-|-|-|-|-|-|-
Henry W. Halleck|Elements of Military Art and Science; or, Course of Instruction in Strategy, Fortification, Tactis of Battles &c., Embracing the Duties of Staff, Infantry, Cavalry, Artillery and Engineers. Adapted to the Use of Volunteers and Militia.|1846|-|-|-|-|-|-|-|-|-
Benson Lossing|Harper's Encyclopedia of United States History|1902|-|-|-|-|-|-|-|-|-
Col. John M. Harrell|Confederate Military History, a library of Confederate States Military History: Volume 10.2, Arkansas|1899|-|-|-|-|-|-|-|-|-
William H. Herndon; Jesse William Weik|Herndon's Lincoln: The True Story of a Great Life, Etiam in minimis major, The History and Personal Recollections of Abraham Lincoln by William H. Herndon, for twenty years his friend and Jesse William Weik|1888|http://www.wikidata.org/entity/Q5931592|25/12/1818|18/3/1891|law partner and biographer of Abraham Lincoln|United States of America|Greensburg|male|http://commons.wikimedia.org/wiki/Special:FilePath/William%20Herndon.jpg|lawyer, politician, biographer
Mary Thacher Higginson|Thomas Wentworth Higginson: the story of his life|1914|-|-|-|-|-|-|-|-|-
Thomas Wentworth Higginson|Army Life in a Black Regiment|1870|http://www.wikidata.org/entity/Q707838|22/12/1823|9/5/1911|Union United States Army officer|United States of America|Cambridge|male|http://commons.wikimedia.org/wiki/Special:FilePath/TWHigginson.jpg|politician, writer, poet
Thomas Wentworth Higginson|Atlantic Essays|1874|http://www.wikidata.org/entity/Q707838|22/12/1823|9/5/1911|Union United States Army officer|United States of America|Cambridge|male|http://commons.wikimedia.org/wiki/Special:FilePath/TWHigginson.jpg|politician, writer, poet
Thomas Wentworth Higginson|Book and heart: essays on literature and life|1897|http://www.wikidata.org/entity/Q707838|22/12/1823|9/5/1911|Union United States Army officer|United States of America|Cambridge|male|http://commons.wikimedia.org/wiki/Special:FilePath/TWHigginson.jpg|politician, writer, poet
Thomas Wentworth Higginson|A book of American explorers|1877|http://www.wikidata.org/entity/Q707838|22/12/1823|9/5/1911|Union United States Army officer|United States of America|Cambridge|male|http://commons.wikimedia.org/wiki/Special:FilePath/TWHigginson.jpg|politician, writer, poet
Thomas Wentworth Higginson|Carlyle's laugh and other surprises|1909|http://www.wikidata.org/entity/Q707838|22/12/1823|9/5/1911|Union United States Army officer|United States of America|Cambridge|male|http://commons.wikimedia.org/wiki/Special:FilePath/TWHigginson.jpg|politician, writer, poet
Thomas Wentworth Higginson|Cheerful Yesterdays|1898|http://www.wikidata.org/entity/Q707838|22/12/1823|9/5/1911|Union United States Army officer|United States of America|Cambridge|male|http://commons.wikimedia.org/wiki/Special:FilePath/TWHigginson.jpg|politician, writer, poet
Thomas Wentworth Higginson|Harvard Memorial Biographies|1866|http://www.wikidata.org/entity/Q707838|22/12/1823|9/5/1911|Union United States Army officer|United States of America|Cambridge|male|http://commons.wikimedia.org/wiki/Special:FilePath/TWHigginson.jpg|politician, writer, poet
Thomas Wentworth Higginson|Henry Wadsworth Longfellow|1902|http://www.wikidata.org/entity/Q707838|22/12/1823|9/5/1911|Union United States Army officer|United States of America|Cambridge|male|http://commons.wikimedia.org/wiki/Special:FilePath/TWHigginson.jpg|politician, writer, poet
Thomas Wentworth Higginson; Irene E. Jerome.|In a fair country|1890|http://www.wikidata.org/entity/Q707838|22/12/1823|9/5/1911|Union United States Army officer|United States of America|Cambridge|male|http://commons.wikimedia.org/wiki/Special:FilePath/TWHigginson.jpg|politician, writer, poet
Thomas Wentworth Higginson|John Greenleaf Whittier|1902|http://www.wikidata.org/entity/Q707838|22/12/1823|9/5/1911|Union United States Army officer|United States of America|Cambridge|male|http://commons.wikimedia.org/wiki/Special:FilePath/TWHigginson.jpg|politician, writer, poet
Thomas Wentworth Higginson|Letters and Journals of Thomas Wentworth Higginson|1921|http://www.wikidata.org/entity/Q707838|22/12/1823|9/5/1911|Union United States Army officer|United States of America|Cambridge|male|http://commons.wikimedia.org/wiki/Special:FilePath/TWHigginson.jpg|politician, writer, poet
Thomas Wentworth Higginson|Margaret Fuller Ossoli|1890|http://www.wikidata.org/entity/Q707838|22/12/1823|9/5/1911|Union United States Army officer|United States of America|Cambridge|male|http://commons.wikimedia.org/wiki/Special:FilePath/TWHigginson.jpg|politician, writer, poet
Thomas Wentworth Higginson|Massachusetts in the Army and Navy during the war of 1861-1865, vol. 1: prelminary narrative|1895|http://www.wikidata.org/entity/Q707838|22/12/1823|9/5/1911|Union United States Army officer|United States of America|Cambridge|male|http://commons.wikimedia.org/wiki/Special:FilePath/TWHigginson.jpg|politician, writer, poet
Thomas Wentworth Higginson|Massachusetts in the Army and Navy during the war of 1861-1865, vol. 2|1895|http://www.wikidata.org/entity/Q707838|22/12/1823|9/5/1911|Union United States Army officer|United States of America|Cambridge|male|http://commons.wikimedia.org/wiki/Special:FilePath/TWHigginson.jpg|politician, writer, poet
Thomas Wentworth Higginson|The new world and the new book|1892|http://www.wikidata.org/entity/Q707838|22/12/1823|9/5/1911|Union United States Army officer|United States of America|Cambridge|male|http://commons.wikimedia.org/wiki/Special:FilePath/TWHigginson.jpg|politician, writer, poet
Thomas Wentworth Higginson|Olde Cambridge|1900|http://www.wikidata.org/entity/Q707838|22/12/1823|9/5/1911|Union United States Army officer|United States of America|Cambridge|male|http://commons.wikimedia.org/wiki/Special:FilePath/TWHigginson.jpg|politician, writer, poet
Thomas Wentworth Higginson|Oldport days, with ten heliotype illustrations from views taken in Newport, R. I., expressly for this work.|1873|http://www.wikidata.org/entity/Q707838|22/12/1823|9/5/1911|Union United States Army officer|United States of America|Cambridge|male|http://commons.wikimedia.org/wiki/Special:FilePath/TWHigginson.jpg|politician, writer, poet
Thomas Wentworth Higginson; Henry Walcott Boynton|Reader's History of American Literature|1903|http://www.wikidata.org/entity/Q707838|22/12/1823|9/5/1911|Union United States Army officer|United States of America|Cambridge|male|http://commons.wikimedia.org/wiki/Special:FilePath/TWHigginson.jpg|politician, writer, poet
Thomas Wentworth Higginson|Short studies of American authors|1880|http://www.wikidata.org/entity/Q707838|22/12/1823|9/5/1911|Union United States Army officer|United States of America|Cambridge|male|http://commons.wikimedia.org/wiki/Special:FilePath/TWHigginson.jpg|politician, writer, poet
Thomas Wentworth Higginson|Women and Men|1888|http://www.wikidata.org/entity/Q707838|22/12/1823|9/5/1911|Union United States Army officer|United States of America|Cambridge|male|http://commons.wikimedia.org/wiki/Special:FilePath/TWHigginson.jpg|politician, writer, poet
Daniel Harvey Hill Jr.|Confederate Military History, a library of Confederate States Military History: Volume 4, North Carolina|1899|-|-|-|-|-|-|-|-|-
George S. Hillard|Life and Campaigns of George B. McClellan, Major-General , U. S. Army|1864|-|-|-|-|-|-|-|-|-
Somerville Historical Society|Historic leaves, volume 1, April, 1902 - January, 1903|1903|-|-|-|-|-|-|-|-|-
Somerville Historical Society|Historic leaves, volume 2, April, 1903 - January, 1904|1904|-|-|-|-|-|-|-|-|-
Somerville Historical Society|Historic leaves, volume 3, April, 1904 - January, 1905|1905|-|-|-|-|-|-|-|-|-
Somerville Historical Society|Historic leaves, volume 4, April, 1905 - January, 1906|1906|-|-|-|-|-|-|-|-|-
Somerville Historical Society|Historic leaves, volume 5, April, 1906 - January, 1907|1907|-|-|-|-|-|-|-|-|-
Somerville Historical Society|Historic leaves, volume 6, April, 1907 - January, 1908|1908|-|-|-|-|-|-|-|-|-
Somerville Historical Society|Historic leaves, volume 7, April, 1908 - January, 1909|1909|-|-|-|-|-|-|-|-|-
Somerville Historical Society|Historic leaves, volume 8, April, 1909 - January, 1910|1910|-|-|-|-|-|-|-|-|-
Medford Historical Society|History of the First Universalist Church in Somerville, Mass. Illustrated; a souvenir of the fiftieth anniversary celebrated February 15-21, 1904|1905|-|-|-|-|-|-|-|-|-
Charles Brooks|HISTORY OF THE TOWN OF MEDFORD, Middlesex County, Massachusetts, FROM ITS FIRST SETTLEMENT, IN 1630, TO THE PRESENT TIME, 1855.|1855|http://www.wikidata.org/entity/Q1063813|24/2/1844|7/12/1899|American politician|United States of America|-|male|-|politician
John Bell Hood|Advance and Retreat: Personal Experiences in the United States and Confederate Armies|1880|http://www.wikidata.org/entity/Q553533|1/6/1831|30/8/1879|Confederate general during the American Civil War|United States of America|-|male|https://commons.wikimedia.org/wiki/File:John%20Bell%20Hood.jpg|military personnel
Charles E. Hooker|Confederate Military History, a library of Confederate States Military History: Volume 12.2, Mississippi|1899|http://www.wikidata.org/entity/Q1064208|9/4/1825|8/1/1914|American politician|United States of America|-|male|https://commons.wikimedia.org/wiki/File:CharlesEHooker.jpg|lawyer, politican
Maj. Jed. Hotchkiss|Confederate Military History, a library of Confederate States Military History: Volume 3, Virginia|1899|-|-|-|-|-|-|-|-|-
Oliver Otis Howard|Autobiography of Oliver Otis Howard, major general , United States army : volume 1|1908|http://www.wikidata.org/entity/Q736934|8/11/1830|26/10/1909|United States Army Medal of Honor recipient and Union Army general|United States of America|Leeds|male|http://commons.wikimedia.org/wiki/Special:FilePath/Oliver%20Otis%20Howard.jpg|historian, military officer, biographer
Oliver Otis Howard|Autobiography of Oliver Otis Howard, major general , United States army : volume 2|1908|http://www.wikidata.org/entity/Q736934|8/11/1830|26/10/1909|United States Army Medal of Honor recipient and Union Army general|United States of America|Leeds|male|http://commons.wikimedia.org/wiki/Special:FilePath/Oliver%20Otis%20Howard.jpg|historian, military officer, biographer
Jula Ward Howe|Reminiscences: 1819-1899|1899|-|-|-|-|-|-|-|-|-
John F. Hume|The abolitionists together with personal memories of the struggle for human rights|1905|http://www.wikidata.org/entity/Q18911556|7/9/1830|10/7/1909|U.S. banker, broker, politician and newspaper editor|United States of America|Bovina|male|-|politician, writer, banker, editor, stockbroker
Brig.-Gen. Bradley T. Johnson|Confederate Military History, a library of Confederate States Military History: Volume 2.1, Maryland|1899|-|-|-|-|-|-|-|-|-
Robert Underwood Johnson; Clarence Clough Buell|Battles and Leaders of the Civil War. Volume 3.|1887|http://www.wikidata.org/entity/Q2717721|12/1/1853|14/10/1937|American journalist|United States of America|Washington, D.C.|male|http://commons.wikimedia.org/wiki/Special:FilePath/Robert%20Underwood%20Johnson%200001.jpg|historian, poet, journalist
Robert Underwood Johnson; Clarence Clough Buell|Battles and Leaders of the Civil War. Volume 4.|1887|http://www.wikidata.org/entity/Q2717721|12/1/1853|14/10/1937|American journalist|United States of America|Washington, D.C.|male|http://commons.wikimedia.org/wiki/Special:FilePath/Robert%20Underwood%20Johnson%200001.jpg|historian, poet, journalist
Robert Underwood Johnson; Clarence Clough Buell|Battles and Leaders of the Civil War: The Opening Battles. Volume 1.|1887|http://www.wikidata.org/entity/Q2717721|12/1/1853|14/10/1937|American journalist|United States of America|Washington, D.C.|male|http://commons.wikimedia.org/wiki/Special:FilePath/Robert%20Underwood%20Johnson%200001.jpg|historian, poet, journalist
Robert Underwood Johnson; Clarence Clough Buell|Battles and Leaders of the Civil War: Volume 2.|1887|http://www.wikidata.org/entity/Q2717721|12/1/1853|14/10/1937|American journalist|United States of America|Washington, D.C.|male|http://commons.wikimedia.org/wiki/Special:FilePath/Robert%20Underwood%20Johnson%200001.jpg|historian, poet, journalist
Josiah S. Johnston|Confederate Military History, a library of Confederate States Military History: Volume 9.1, Kentucky|1899|http://www.wikidata.org/entity/Q1708664|-|-|-|-|-|-|-|lawyer, politician, judge
William Preston Johnston|The Life of General Albert Sidney Johnston : His Service in the Armies of the United States, the Republic of Texas, and the Confederate States.|1879|http://www.wikidata.org/entity/Q8017071|5/1/1831|16/7/1899|Confederate Army soldier|United States of America|-|male|-|poet
Joseph E. Johnston|Narrative of Military Operations During the Civil War|1874|http://www.wikidata.org/entity/Q439669|3/2/1807|21/3/1891|Confederate Army general|United States of America|Farmville|male|http://commons.wikimedia.org/wiki/Special:FilePath/Benjamin%20Franklin%20Reinhart%20-%20Joseph%20Eggleston%20Johnston%20-%20Google%20Art%20Project.jpg|politician, military personnel
Baron de Jomini|Summary of the Art of War, or a New Analytical Compend of the Principle Combinations of Strategy, of Grand Tactics and of Military Policy.|1854|-|-|-|-|-|-|-|-|-
John Beauchamp Jones|A Rebel War Clerk's Diary|1866|http://www.wikidata.org/entity/Q6221275|6/3/1810|4/2/1866|American writer|United States of America|Baltimore|male|-|publisher, novelist, journalist, diarist, editor
J. William Jones|Christ in the camp, or religion in Lee's army|1887|http://www.wikidata.org/entity/Q18331069|25/9/1836|17/3/1909|American preacher|United States of America|Louisa County|male|http://commons.wikimedia.org/wiki/Special:FilePath/John%20William%20Jones%20DD.jpg|military chaplain, author
Knight|Knight's Mechanical Encyclopedia|1877|http://www.wikidata.org/entity/Q18671942|-|-|-|-|-|-|-|painter, land surveyor
Fitzhugh Lee|General Lee|1894|http://www.wikidata.org/entity/Q708656|19/11/1835|28/4/1905|Confederate Army general|United States of America|Fairfax County|male|http://commons.wikimedia.org/wiki/Special:FilePath/Fitzhugh%20Lee%20Governor.jpg|politician
C. Edwards Lester|Life and public services of Charles Sumner: Born Jan. 6, 1811. Died March 11, 1874.|1874|http://www.wikidata.org/entity/Q5077321|1/1/1815|1/1/1890|American historian|United States of America|-|male|http://commons.wikimedia.org/wiki/Special:FilePath/C%20Edwards%20Lester.jpg|historian, lawyer, biographer
Abraham Lincoln; Stephen A. Douglas|Debates of Lincoln and Douglas: Carefully Prepared by the Reporters of Each Party at the times of their Delivery.|1860|http://www.wikidata.org/entity/Q91|12/2/1809|15/4/1865|16th President of the United States|United States of America|LaRue County|male|https://upload.wikimedia.org/wikipedia/commons/thumb/a/ab/Abraham_Lincoln_O-77_matte_collodion_print.jpg/144px-Abraham_Lincoln_O-77_matte_collodion_print.jpg|politician, postmaster, lawyer, statesperson, agriculturer, military personnel
William Alexander Linn|Horace Greeley Founder and Editor of The New York Tribune|1903|http://www.wikidata.org/entity/Q8004275|4/9/1846|23/2/1917|American journalist|United States of America|-|male|-|historian, journalist
John A. Logan|Reminiscences of a Soldier's Wife: An Autobiography|1913|http://www.wikidata.org/entity/Q954410|9/2/1826|26/12/1886|American soldier and political leader|United States of America|Murphysboro|male|http://commons.wikimedia.org/wiki/Special:FilePath/John%20Alexander%20Logan.jpg|lawyer, politician, military officer
James Longstreet|From Manassas to Appomattox|1895|http://www.wikidata.org/entity/Q311514|8/1/1821|2/1/1904|Confederate Army general|Indonesia|South Carolina|male|http://commons.wikimedia.org/wiki/Special:FilePath/James%20Longstreet.jpg|military leader, diplomat, military leader, diplomat
Benson J. Lossing|Pictorial Field Book of the Civil War. Volume 1.|1876|-|-|-|-|-|-|-|-|-
Benson J. Lossing|Pictorial Field Book of the Civil War. Volume 2.|1870|-|-|-|-|-|-|-|-|-
Benson J. Lossing|Pictorial Field Book of the Civil War. Volume 3.|1874|-|-|-|-|-|-|-|-|-
James Russell Lowell|Among my books|1876|http://www.wikidata.org/entity/Q449670|22/2/1819|12/8/1891|American poet, critic, editor, and diplomat|United States of America|Cambridge|male|http://commons.wikimedia.org/wiki/Special:FilePath/James%20Russell%20Lowell%20-%201855.jpg|literary critic, writer, poet, journalist, essayist, diplomat
Theodore Lyman|With Grant and Meade from the Wilderness to Appomattox|1922|http://www.wikidata.org/entity/Q2418660|23/8/1833|9/9/1897|Natural scientist, military staff officer during the American Civil War, and United States Representative from Massachusetts|United States of America|-|male|https://commons.wikimedia.org/wiki/File:Theodore%20Lyman%20III.png|politician, zoologist
Judith White McGuire|Diary of a southern refugee during the war, by a lady of Virginia|1867|-|-|-|-|-|-|-|-|-
George Meade|The Life and Letters of George Gordon Meade, Major-General United States Army|1913|http://www.wikidata.org/entity/Q297121|31/12/1815|6/11/1872|Union Army general|Spain|CÃ¡diz|male|http://commons.wikimedia.org/wiki/Special:FilePath/Meade1Colorized.jpg|engineer, military personnel
Medford Historical Society|Medford Historical Society Papers, Volume 1.|1898|-|-|-|-|-|-|-|-|-
Medford Historical Society|Medford Historical Society Papers, Volume 10.|1907|-|-|-|-|-|-|-|-|-
Medford Historical Society|Medford Historical Society Papers, Volume 11.|1908|-|-|-|-|-|-|-|-|-
Medford Historical Society|Medford Historical Society Papers, Volume 12.|1909|-|-|-|-|-|-|-|-|-
Medford Historical Society|Medford Historical Society Papers, Volume 13.|1910|-|-|-|-|-|-|-|-|-
Medford Historical Society|Medford Historical Society Papers, Volume 14.|1911|-|-|-|-|-|-|-|-|-
Medford Historical Society|Medford Historical Society Papers, Volume 15.|1912|-|-|-|-|-|-|-|-|-
Medford Historical Society|Medford Historical Society Papers, Volume 15._PART_2|1912|-|-|-|-|-|-|-|-|-
Medford Historical Society|Medford Historical Society Papers, Volume 16.|1913|-|-|-|-|-|-|-|-|-
Medford Historical Society|Medford Historical Society Papers, Volume 17.|1914|-|-|-|-|-|-|-|-|-
Medford Historical Society|Medford Historical Society Papers, Volume 18.|1915|-|-|-|-|-|-|-|-|-
Medford Historical Society|Medford Historical Society Papers, Volume 2.|1899|-|-|-|-|-|-|-|-|-
Medford Historical Society|Medford Historical Society Papers, Volume 20.|1917|-|-|-|-|-|-|-|-|-
Medford Historical Society|Medford Historical Society Papers, Volume 22.|1919|-|-|-|-|-|-|-|-|-
Medford Historical Society|Medford Historical Society Papers, Volume 22._PART_2|1919|-|-|-|-|-|-|-|-|-
Medford Historical Society|Medford Historical Society Papers, Volume 23.|1920|-|-|-|-|-|-|-|-|-
Medford Historical Society|Medford Historical Society Papers, Volume 24.|1921|-|-|-|-|-|-|-|-|-
Medford Historical Society|Medford Historical Society Papers, Volume 25.|1922|-|-|-|-|-|-|-|-|-
Medford Historical Society|Medford Historical Society Papers, Volume 25._PART_2|1922|-|-|-|-|-|-|-|-|-
Medford Historical Society|Medford Historical Society Papers, Volume 26.|1923|-|-|-|-|-|-|-|-|-
Medford Historical Society|Medford Historical Society Papers, Volume 28.|1925|-|-|-|-|-|-|-|-|-
Medford Historical Society|Medford Historical Society Papers, Volume 29.|1926|-|-|-|-|-|-|-|-|-
Medford Historical Society|Medford Historical Society Papers, Volume 3.|1900|-|-|-|-|-|-|-|-|-
Medford Historical Society|Medford Historical Society Papers, Volume 30.|1927|-|-|-|-|-|-|-|-|-
Medford Historical Society|Medford Historical Society Papers, Volume 4.|1901|-|-|-|-|-|-|-|-|-
Medford Historical Society|Medford Historical Society Papers, Volume 5.|1902|-|-|-|-|-|-|-|-|-
Medford Historical Society|Medford Historical Society Papers, Volume 6.|1903|-|-|-|-|-|-|-|-|-
Medford Historical Society|Medford Historical Society Papers, Volume 7.|1904|-|-|-|-|-|-|-|-|-
Medford Historical Society|Medford Historical Society Papers, Volume 8.|1905|-|-|-|-|-|-|-|-|-
Medford Historical Society|Medford Historical Society Papers, Volume 9.|1906|-|-|-|-|-|-|-|-|-
John C. Moore|Confederate Military History, a library of Confederate States Military History: Volume 9.2, Missouri|1899|http://www.wikidata.org/entity/Q16227703|18/8/1832|27/10/1915|American mayor|United States of America|Pulaski|male|http://commons.wikimedia.org/wiki/Special:FilePath/John%20C.%20Moore%20-%201860.jpg|politician
Elias Nason|The Life and Times of Charles Sumner: His Boyhood, Education and Public Career.|1874|http://www.wikidata.org/entity/Q5360567|21/4/1811|17/6/1887|American writer|-|-|male|-|writer
Elias Nason|McClellan's Own Story: the war for the union, the soldiers who fought it, the civilians who directed it, and his relations to them.|1887|http://www.wikidata.org/entity/Q5360567|21/4/1811|17/6/1887|American writer|-|-|male|-|writer
Charles Nelson|Waltham, past, present and its industries, with an historical sketch of Watertown from its settlement in 1630 to the incorporation of Waltham, January 15, 1739.|1879|http://www.wikidata.org/entity/Q5081220|4/7/1835|13/12/1891|American businessman|-|-|male|-|-
John G. Nicolay|The Outbreak of Rebellion|1881|-|-|-|-|-|-|-|-|-
John G. Nicolay|A Short Life of Abraham Lincoln, condensed from Nicolay and Hayes' Abraham Lincoln: A History|1902|-|-|-|-|-|-|-|-|-
Sergeant Oats|Prison Life in Dixie: giving a short history of the inhuman and barbarous treatment of our soldiers by rebel authorities|1880|-|-|-|-|-|-|-|-|-
Robert N. Scott|Official Records of the Union and Confederate Armies, Chapter XXII: Operations in Kentucky, Tennessee, North Mississippi, North Alabama, and Southwest Virginia. March 4-June 10, 1862.|1884|-|-|-|-|-|-|-|-|-
Robert N. Scott|Official Records of the Union and Confederate Armies, Chapter XXII: Operations in Kentucky, Tennessee, North Mississippi, North Alabama, and Southwest Virginia. March 4-June 10, 1862., Part II: Correspondence, Orders, and Returns.|1884|-|-|-|-|-|-|-|-|-
Lucius R. Paige|History of Cambridge, Massachusetts, 1630-1877, with a genealogical register|1877|-|-|-|-|-|-|-|-|-
Comte de Paris|History of the Civil War in America. Vol. 1.|1876|-|-|-|-|-|-|-|-|-
Comte de Paris|History of the Civil War in America. Vol. 2.|1876|-|-|-|-|-|-|-|-|-
Comte de Paris|History of the Civil War in America. Vol. 3.|1883|-|-|-|-|-|-|-|-|-
Comte de Paris|History of the Civil War in America. Vol. 4.|1888|-|-|-|-|-|-|-|-|-
James Parton|The life of Horace Greeley|1855|http://www.wikidata.org/entity/Q1680949|9/2/1822|17/10/1891|American biographer|United States of America|Canterbury|male|http://commons.wikimedia.org/wiki/Special:FilePath/James%20Parton%20-%20Schriftsteller.jpg|writer, author, biographer
James Parton; Horace Greeley; T. W. Higginson; J. S. C. Abbott; E. M. Hoppin; William Winter; Theodore Tilton; Fanny Fern; Grace Greenwood; Mrs. E. C. Stanton|Women of the age; being natives of the lives and deeds of the most prominent women of the present gentlemen|1871|http://www.wikidata.org/entity/Q1680949|9/2/1822|17/10/1891|American biographer|United States of America|Canterbury|male|http://commons.wikimedia.org/wiki/Special:FilePath/James%20Parton%20-%20Schriftsteller.jpg|writer, author, biographer
Bliss Perry|The American spirit in lierature: a chronicle of great interpreters|1921|http://www.wikidata.org/entity/Q4926866|1/1/1860|1/1/1954|American academic|United States of America|-|male|http://commons.wikimedia.org/wiki/Special:FilePath/Bliss%20Perry.jpg|writer
Wendell Phillips; Theodore C. Pease|Speeches, Lectures and Letters of Wendell Phillips: Volume 1|1891|http://www.wikidata.org/entity/Q530310|29/11/1811|2/2/1884|American abolitionist, advocate for Native Americans, orator and lawyer|United States of America|Boston|male|http://commons.wikimedia.org/wiki/Special:FilePath/Wendell%20Phillips%20by%20Brady.jpg|lawyer, politician, jurist
Wendell Phillips; Theodore C. Pease|Speeches, Lectures and Letters of Wendell Phillips: Volume 2|1891|http://www.wikidata.org/entity/Q530310|29/11/1811|2/2/1884|American abolitionist, advocate for Native Americans, orator and lawyer|United States of America|Boston|male|http://commons.wikimedia.org/wiki/Special:FilePath/Wendell%20Phillips%20by%20Brady.jpg|lawyer, politician, jurist
Francis Trevelyan Miller|The Photographic History of The Civil War: in ten volumes, Thousands of Scenes Photographed 1861-65, with Text by many Special Authorities, Volume 10: The Armies and the Leaders.|1912|http://www.wikidata.org/entity/Q5482619|1/1/1877|1/1/1959|American film director|United States of America|-|male|-|film director, writer
Francis Trevelyan Miller|The Photographic History of The Civil War: in ten volumes, Thousands of Scenes Photographed 1861-65, with Text by many Special Authorities, Volume 1: The Opening Battles.|1912|http://www.wikidata.org/entity/Q5482619|1/1/1877|1/1/1959|American film director|United States of America|-|male|-|film director, writer
Francis Trevelyan Miller|The Photographic History of The Civil War: in ten volumes, Thousands of Scenes Photographed 1861-65, with Text by many Special Authorities, Volume 2: Two Years of Grim War.|1912|http://www.wikidata.org/entity/Q5482619|1/1/1877|1/1/1959|American film director|United States of America|-|male|-|film director, writer
Francis Trevelyan Miller|The Photographic History of The Civil War: in ten volumes, Thousands of Scenes Photographed 1861-65, with Text by many Special Authorities, Volume 3: The Decisive Battles.|1912|http://www.wikidata.org/entity/Q5482619|1/1/1877|1/1/1959|American film director|United States of America|-|male|-|film director, writer
Francis Trevelyan Miller|The Photographic History of The Civil War: in ten volumes, Thousands of Scenes Photographed 1861-65, with Text by many Special Authorities, Volume 4: The Cavalry|1912|http://www.wikidata.org/entity/Q5482619|1/1/1877|1/1/1959|American film director|United States of America|-|male|-|film director, writer
Francis Trevelyan Miller|The Photographic History of The Civil War: in ten volumes, Thousands of Scenes Photographed 1861-65, with Text by many Special Authorities, Volume 5: Forts and Artillery.|1912|http://www.wikidata.org/entity/Q5482619|1/1/1877|1/1/1959|American film director|United States of America|-|male|-|film director, writer
Francis Trevelyan Miller|The Photographic History of The Civil War: in ten volumes, Thousands of Scenes Photographed 1861-65, with Text by many Special Authorities, Volume 7: Prisons and Hospitals.|1912|http://www.wikidata.org/entity/Q5482619|1/1/1877|1/1/1959|American film director|United States of America|-|male|-|film director, writer
Francis Trevelyan Miller|The Photographic History of The Civil War: in ten volumes, Thousands of Scenes Photographed 1861-65, with Text by many Special Authorities, Volume 8: Soldier Life and Secret Service.|1912|http://www.wikidata.org/entity/Q5482619|1/1/1877|1/1/1959|American film director|United States of America|-|male|-|film director, writer
Francis Trevelyan Miller|The Photographic History of The Civil War: in ten volumes, Thousands of Scenes Photographed 1861-65, with Text by many Special Authorities, Volume 9: Poetry and Eloquence.|1912|http://www.wikidata.org/entity/Q5482619|1/1/1877|1/1/1959|American film director|United States of America|-|male|-|film director, writer
-|The picturesque pocket companion, and visitor's guide, through Mount Auburn|1839|-|-|-|-|-|-|-|-|-
Edward L. Pierce|Memoir and letters of Charles Sumner: volume 1|1877|http://www.wikidata.org/entity/Q5344023|29/3/1829|6/9/1897|American politician|United States of America|-|male|-|politician, writer, biographer
Edward L. Pierce|Memoir and letters of Charles Sumner: volume 2|1877|http://www.wikidata.org/entity/Q5344023|29/3/1829|6/9/1897|American politician|United States of America|-|male|-|politician, writer, biographer
Edward L. Pierce|Memoir and letters of Charles Sumner: volume 3|1877|http://www.wikidata.org/entity/Q5344023|29/3/1829|6/9/1897|American politician|United States of America|-|male|-|politician, writer, biographer
Edward L. Pierce|Memoir and letters of Charles Sumner: volume 4|1877|http://www.wikidata.org/entity/Q5344023|29/3/1829|6/9/1897|American politician|United States of America|-|male|-|politician, writer, biographer
Allan Pinkerton|The spy in the rebellion; being a true history of the spy system of the United States Army during the late rebellion, revealing many secrets of the war hitherto not made public, compiled from official reports prepared for President Lincoln , General McClellan and the Provost-Marshal-General .|1883|http://www.wikidata.org/entity/Q365650|28/8/1819|1/7/1884|American Civil War spy|United States of America|Glasgow|male|http://commons.wikimedia.org/wiki/Special:FilePath/Allan%20Pinkerton-retouch.jpg|intelligence officer, army scout, detective, businessperson, intelligence officer, army scout, detective, businessperson
Edward Alfred Pollard|The lost cause; a new Southern history of the War of the Confederates ... Drawn from official sources and approved by the most distinguished Confederate leaders.|1866|http://www.wikidata.org/entity/Q55414152|-|-|-|-|-|male|-|-
Admiral David D. Porter|The Naval History of the Civil War.|1886|http://www.wikidata.org/entity/Q19030706|-|-|-|-|-|male|http://commons.wikimedia.org/wiki/Special:FilePath/David%20D.%20Porter.jpg|-
Horace Porter|Campaigning with Grant|1897|http://www.wikidata.org/entity/Q3140470|15/4/1837|29/5/1921|United States Army Medal of Honor recipient and Union Army general|United States of America|Huntingdon|male|-|military officer, diplomat
James D. Porter|Confederate Military History, a library of Confederate States Military History: Volume 7.1, Tennessee|1899|http://www.wikidata.org/entity/Q248649|7/12/1828|18/5/1912|American diplomat|United States of America|Paris|male|http://commons.wikimedia.org/wiki/Special:FilePath/Porter-james-by-wb-cooper.jpg|lawyer, judge, diplomat
Frank Moore|Rebellion Record: a Diary of American Events, Diary from December 17, 1860 - April 30, 1864|1868|http://www.wikidata.org/entity/Q5488508|12/9/1877|20/5/1964|American politician|United States of America|Dover|male|https://upload.wikimedia.org/wikipedia/commons/thumb/4/41/Frank_A._Moore_1910.jpg/137px-Frank_A._Moore_1910.jpg|lawyer, politician, judge
Frank Moore|Rebellion Record: a Diary of American Events: Documents and Narratives, Volume 1.|1862|http://www.wikidata.org/entity/Q5488508|12/9/1877|20/5/1964|American politician|United States of America|Dover|male|https://upload.wikimedia.org/wikipedia/commons/thumb/4/41/Frank_A._Moore_1910.jpg/137px-Frank_A._Moore_1910.jpg|lawyer, politician, judge
Frank Moore|Rebellion Record: a Diary of American Events: Documents and Narratives, Volume 10.|1866|http://www.wikidata.org/entity/Q5488508|12/9/1877|20/5/1964|American politician|United States of America|Dover|male|https://upload.wikimedia.org/wikipedia/commons/thumb/4/41/Frank_A._Moore_1910.jpg/137px-Frank_A._Moore_1910.jpg|lawyer, politician, judge
Frank Moore|Rebellion Record: a Diary of American Events: Documents and Narratives, Volume 11.|1868|http://www.wikidata.org/entity/Q5488508|12/9/1877|20/5/1964|American politician|United States of America|Dover|male|https://upload.wikimedia.org/wikipedia/commons/thumb/4/41/Frank_A._Moore_1910.jpg/137px-Frank_A._Moore_1910.jpg|lawyer, politician, judge
Frank Moore|Rebellion Record: a Diary of American Events: Documents and Narratives, Volume 2.|1862|http://www.wikidata.org/entity/Q5488508|12/9/1877|20/5/1964|American politician|United States of America|Dover|male|https://upload.wikimedia.org/wikipedia/commons/thumb/4/41/Frank_A._Moore_1910.jpg/137px-Frank_A._Moore_1910.jpg|lawyer, politician, judge
Frank Moore|Rebellion Record: a Diary of American Events: Documents and Narratives, Volume 3.|1862|http://www.wikidata.org/entity/Q5488508|12/9/1877|20/5/1964|American politician|United States of America|Dover|male|https://upload.wikimedia.org/wikipedia/commons/thumb/4/41/Frank_A._Moore_1910.jpg/137px-Frank_A._Moore_1910.jpg|lawyer, politician, judge
Frank Moore|Rebellion Record: a Diary of American Events: Documents and Narratives, Volume 4.|1862|http://www.wikidata.org/entity/Q5488508|12/9/1877|20/5/1964|American politician|United States of America|Dover|male|https://upload.wikimedia.org/wikipedia/commons/thumb/4/41/Frank_A._Moore_1910.jpg/137px-Frank_A._Moore_1910.jpg|lawyer, politician, judge
Frank Moore|Rebellion Record: a Diary of American Events: Documents and Narratives, Volume 5.|1862|http://www.wikidata.org/entity/Q5488508|12/9/1877|20/5/1964|American politician|United States of America|Dover|male|https://upload.wikimedia.org/wikipedia/commons/thumb/4/41/Frank_A._Moore_1910.jpg/137px-Frank_A._Moore_1910.jpg|lawyer, politician, judge
Frank Moore|Rebellion Record: a Diary of American Events: Documents and Narratives, Volume 6.|1862|http://www.wikidata.org/entity/Q5488508|12/9/1877|20/5/1964|American politician|United States of America|Dover|male|https://upload.wikimedia.org/wikipedia/commons/thumb/4/41/Frank_A._Moore_1910.jpg/137px-Frank_A._Moore_1910.jpg|lawyer, politician, judge
Frank Moore|Rebellion Record: a Diary of American Events: Documents and Narratives, Volume 7.|1862|http://www.wikidata.org/entity/Q5488508|12/9/1877|20/5/1964|American politician|United States of America|Dover|male|https://upload.wikimedia.org/wikipedia/commons/thumb/4/41/Frank_A._Moore_1910.jpg/137px-Frank_A._Moore_1910.jpg|lawyer, politician, judge
Frank Moore|Rebellion Record: a Diary of American Events: Documents and Narratives, Volume 8.|1862|http://www.wikidata.org/entity/Q5488508|12/9/1877|20/5/1964|American politician|United States of America|Dover|male|https://upload.wikimedia.org/wikipedia/commons/thumb/4/41/Frank_A._Moore_1910.jpg/137px-Frank_A._Moore_1910.jpg|lawyer, politician, judge
Frank Moore|Rebellion Record: a Diary of American Events: Documents and Narratives, Volume 9.|1866|http://www.wikidata.org/entity/Q5488508|12/9/1877|20/5/1964|American politician|United States of America|Dover|male|https://upload.wikimedia.org/wikipedia/commons/thumb/4/41/Frank_A._Moore_1910.jpg/137px-Frank_A._Moore_1910.jpg|lawyer, politician, judge
Frank Moore|Rebellion Record: a Diary of American Events: Index, Volume 1.|1862|http://www.wikidata.org/entity/Q5488508|12/9/1877|20/5/1964|American politician|United States of America|Dover|male|https://upload.wikimedia.org/wikipedia/commons/thumb/4/41/Frank_A._Moore_1910.jpg/137px-Frank_A._Moore_1910.jpg|lawyer, politician, judge
Frank Moore|Rebellion Record: a Diary of American Events: Index, Volume 2.|1862|http://www.wikidata.org/entity/Q5488508|12/9/1877|20/5/1964|American politician|United States of America|Dover|male|https://upload.wikimedia.org/wikipedia/commons/thumb/4/41/Frank_A._Moore_1910.jpg/137px-Frank_A._Moore_1910.jpg|lawyer, politician, judge
Frank Moore|Rebellion Record: a Diary of American Events: Index, Volume 3.|1862|http://www.wikidata.org/entity/Q5488508|12/9/1877|20/5/1964|American politician|United States of America|Dover|male|https://upload.wikimedia.org/wikipedia/commons/thumb/4/41/Frank_A._Moore_1910.jpg/137px-Frank_A._Moore_1910.jpg|lawyer, politician, judge
Frank Moore|Rebellion Record: a Diary of American Events: Poetry and Incidents., Volume 1.|1862|http://www.wikidata.org/entity/Q5488508|12/9/1877|20/5/1964|American politician|United States of America|Dover|male|https://upload.wikimedia.org/wikipedia/commons/thumb/4/41/Frank_A._Moore_1910.jpg/137px-Frank_A._Moore_1910.jpg|lawyer, politician, judge
Frank Moore|Rebellion Record: a Diary of American Events: Poetry and Incidents., Volume 2.|1862|http://www.wikidata.org/entity/Q5488508|12/9/1877|20/5/1964|American politician|United States of America|Dover|male|https://upload.wikimedia.org/wikipedia/commons/thumb/4/41/Frank_A._Moore_1910.jpg/137px-Frank_A._Moore_1910.jpg|lawyer, politician, judge
Frank Moore|Rebellion Record: a Diary of American Events: Poetry and Incidents., Volume 3.|1862|http://www.wikidata.org/entity/Q5488508|12/9/1877|20/5/1964|American politician|United States of America|Dover|male|https://upload.wikimedia.org/wikipedia/commons/thumb/4/41/Frank_A._Moore_1910.jpg/137px-Frank_A._Moore_1910.jpg|lawyer, politician, judge
Frank Moore|Rebellion Record: a Diary of American Events: Poetry and Incidents., Volume 4.|1862|http://www.wikidata.org/entity/Q5488508|12/9/1877|20/5/1964|American politician|United States of America|Dover|male|https://upload.wikimedia.org/wikipedia/commons/thumb/4/41/Frank_A._Moore_1910.jpg/137px-Frank_A._Moore_1910.jpg|lawyer, politician, judge
Frank Moore|Rebellion Record: a Diary of American Events: Poetry and Incidents., Volume 5.|1862|http://www.wikidata.org/entity/Q5488508|12/9/1877|20/5/1964|American politician|United States of America|Dover|male|https://upload.wikimedia.org/wikipedia/commons/thumb/4/41/Frank_A._Moore_1910.jpg/137px-Frank_A._Moore_1910.jpg|lawyer, politician, judge
Frank Moore|Rebellion Record: a Diary of American Events: Poetry and Incidents., Volume 6.|1862|http://www.wikidata.org/entity/Q5488508|12/9/1877|20/5/1964|American politician|United States of America|Dover|male|https://upload.wikimedia.org/wikipedia/commons/thumb/4/41/Frank_A._Moore_1910.jpg/137px-Frank_A._Moore_1910.jpg|lawyer, politician, judge
Frank Moore|Rebellion Record: a Diary of American Events: Poetry and Incidents., Volume 7.|1862|http://www.wikidata.org/entity/Q5488508|12/9/1877|20/5/1964|American politician|United States of America|Dover|male|https://upload.wikimedia.org/wikipedia/commons/thumb/4/41/Frank_A._Moore_1910.jpg/137px-Frank_A._Moore_1910.jpg|lawyer, politician, judge
Frank Moore|Rebellion Record: a Diary of American Events: Poetry and Incidents., Volume 8.|1862|http://www.wikidata.org/entity/Q5488508|12/9/1877|20/5/1964|American politician|United States of America|Dover|male|https://upload.wikimedia.org/wikipedia/commons/thumb/4/41/Frank_A._Moore_1910.jpg/137px-Frank_A._Moore_1910.jpg|lawyer, politician, judge
Frank Moore|Rebellion Record: Introduction., Volume 1.|1862|http://www.wikidata.org/entity/Q5488508|12/9/1877|20/5/1964|American politician|United States of America|Dover|male|https://upload.wikimedia.org/wikipedia/commons/thumb/4/41/Frank_A._Moore_1910.jpg/137px-Frank_A._Moore_1910.jpg|lawyer, politician, judge
James Redpath|The Public Life of Captain John Brown|1860|http://www.wikidata.org/entity/Q6141908|24/8/1833|10/2/1891|American journalist and abolitionist|-|Berwick-upon-Tweed|male|http://commons.wikimedia.org/wiki/Special:FilePath/JamesRedpath.png|journalist
James Redpath|The Roving Editor: or, Talks with Slaves in the Southern States.|1859|http://www.wikidata.org/entity/Q6141908|24/8/1833|10/2/1891|American journalist and abolitionist|-|Berwick-upon-Tweed|male|http://commons.wikimedia.org/wiki/Special:FilePath/JamesRedpath.png|journalist
Laura E. Richards; Maud Howe; Florence Howe Hall|Julia Ward Howe, 1819-1910, in two volumes, with portraits and other illustrations: volume 1|1916|http://www.wikidata.org/entity/Q6498881|27/2/1850|14/1/1943|American writer|United States of America|Boston|female|http://commons.wikimedia.org/wiki/Special:FilePath/Portrait%20of%20Laura%20E.%20Richards.jpg|writer, poet, children's writer, biographer
Oran M. Roberts|Confederate Military History, a library of Confederate States Military History: Volume 11.1, Texas|1899|http://www.wikidata.org/entity/Q645036|9/7/1815|19/5/1898|American politician|United States of America|South Carolina|male|http://commons.wikimedia.org/wiki/Special:FilePath/Oran%20roberts.jpg|lawyer, politician, judge, university teacher
Oran M. Roberts|Confederate Military History, a library of Confederate States Military History: Volume 12.1, Alabama|1899|http://www.wikidata.org/entity/Q645036|9/7/1815|19/5/1898|American politician|United States of America|South Carolina|male|http://commons.wikimedia.org/wiki/Special:FilePath/Oran%20roberts.jpg|lawyer, politician, judge, university teacher
Alfred Roman|The military operations of General Beauregard in the war between the states, 1861 to 1865|1883|-|-|-|-|-|-|-|-|-
Alfred Roman|The military operations of General Beauregard in the war between the states, 1861 to 1865_PART_2|1883|-|-|-|-|-|-|-|-|-
Charles C. Jones, Jr.|A Roster of General Officers , Heads of Departments, Senators, Representatives , Military Organizations, &c., &c., in Confederate Service during the War between the States.|1876|http://www.wikidata.org/entity/Q5076369|28/10/1831|19/7/1893|American politician, lawyer, soldier and historian|United States of America|-|male|http://commons.wikimedia.org/wiki/Special:FilePath/PSM%20V43%20D612%20Charles%20Colcock%20Jones%20Jr.jpg|historian, politician
Edward H. Savage|Boston events: a brief mention and the date of more than 5,000 events that transpired in Boston from 1630 to 1880, covering a period of 250 years, together with other occurrences of interest, arranged in alphabetical order|1884|-|-|-|-|-|-|-|-|-
Emil Schalk|The Art of War written expressly for and dedicated to the U.S. Volunteer Army.|1862|-|-|-|-|-|-|-|-|-
John Schofield|Forty-six years in the Army|1897|http://www.wikidata.org/entity/Q996047|29/9/1831|4/3/1906|United States Army Medal of Honor recipient and Union Army general|United States of America|-|male|https://commons.wikimedia.org/wiki/File:SchofieldOfficialPortrait.jpg|military officer
William Schouler|A history of Massachusetts in the Civil War: Volume 1|1868|http://www.wikidata.org/entity/Q8018185|31/12/1814|24/10/1872|American politician|United States of America|Kilbarchan|male|http://commons.wikimedia.org/wiki/Special:FilePath/William%20Schouler.jpg|politician, journalist
William Schouler|A history of Massachusetts in the Civil War: Volume 2|1871|http://www.wikidata.org/entity/Q8018185|31/12/1814|24/10/1872|American politician|United States of America|Kilbarchan|male|http://commons.wikimedia.org/wiki/Special:FilePath/William%20Schouler.jpg|politician, journalist
Raphael Semmes|Memoirs of Service Afloat During the War Between the States|1868|http://www.wikidata.org/entity/Q1225106|27/9/1809|30/8/1877|Confederate Army general|United States of America|Charles County|male|http://commons.wikimedia.org/wiki/Special:FilePath/Raphael%20Semmes.jpg|lawyer, judge, military officer
Philip Henry Sheridan|Personal Memoirs of P. H. Sheridan, General, United States Army .|1888|http://www.wikidata.org/entity/Q355452|6/3/1831|5/8/1888|United States Army general|United States of America|Albany|male|http://commons.wikimedia.org/wiki/Special:FilePath/Philip%20Sheridan.jpg|politician, military officer
William Tecumseh Sherman|Memoirs of General William T. Sherman .|1875|http://www.wikidata.org/entity/Q188936|8/2/1820|14/2/1891|American General, businessman, educator, and author|United States of America|Lancaster|male|http://commons.wikimedia.org/wiki/Special:FilePath/William%20tecumseh%20sherman.jpg|lawyer, banker, military officer
William A. Smith|Lectures on the Philosophy and Practice of Slavery as exhibited in the Institution of Domestic Slavery in the United States: withe Duties of Masters to Slaves.|1857|http://www.wikidata.org/entity/Q20710835|-|-|-|-|-|male|-|judge
-|The Soldiers' Monument in Cambridge: Proceedings in relation to the building and dedication of the monument erected in the years, 1869-1870.|1870|-|-|-|-|-|-|-|-|-
James Russell Soley|Confederate Military History, a library of Confederate States Military History: Volume 7.1, The blockade and the cruisers|1899|http://www.wikidata.org/entity/Q15462121|1/10/1850|11/9/1911|American naval historian|-|-|male|http://commons.wikimedia.org/wiki/Special:FilePath/James%20R.%20Soley.jpg|military historian
Reverend J. William Jones|Southern Historical Society Papers, Volume 1.|1876|http://www.wikidata.org/entity/Q18331069|25/9/1836|17/3/1909|American preacher|United States of America|-|male|https://commons.wikimedia.org/wiki/File:John%20William%20Jones%20DD.jpg|military chaplain, author
Reverend J. William Jones|Southern Historical Society Papers, Volume 10.|1882|http://www.wikidata.org/entity/Q18331069|25/9/1836|17/3/1909|American preacher|United States of America|-|male|https://commons.wikimedia.org/wiki/File:John%20William%20Jones%20DD.jpg|military chaplain, author
Reverend J. William Jones|Southern Historical Society Papers, Volume 11.|1883|http://www.wikidata.org/entity/Q18331069|25/9/1836|17/3/1909|American preacher|United States of America|-|male|https://commons.wikimedia.org/wiki/File:John%20William%20Jones%20DD.jpg|military chaplain, author
Reverend J. William Jones|Southern Historical Society Papers, Volume 12.|1884|http://www.wikidata.org/entity/Q18331069|25/9/1836|17/3/1909|American preacher|United States of America|-|male|https://commons.wikimedia.org/wiki/File:John%20William%20Jones%20DD.jpg|military chaplain, author
Reverend J. William Jones|Southern Historical Society Papers, Volume 13.|1885|http://www.wikidata.org/entity/Q18331069|25/9/1836|17/3/1909|American preacher|United States of America|-|male|https://commons.wikimedia.org/wiki/File:John%20William%20Jones%20DD.jpg|military chaplain, author
Reverend J. William Jones|Southern Historical Society Papers, Volume 14.|1886|http://www.wikidata.org/entity/Q18331069|25/9/1836|17/3/1909|American preacher|United States of America|-|male|https://commons.wikimedia.org/wiki/File:John%20William%20Jones%20DD.jpg|military chaplain, author
Reverend J. William Jones|Southern Historical Society Papers, Volume 15.|1887|http://www.wikidata.org/entity/Q18331069|25/9/1836|17/3/1909|American preacher|United States of America|-|male|https://commons.wikimedia.org/wiki/File:John%20William%20Jones%20DD.jpg|military chaplain, author
Reverend J. William Jones|Southern Historical Society Papers, Volume 16.|1888|http://www.wikidata.org/entity/Q18331069|25/9/1836|17/3/1909|American preacher|United States of America|-|male|https://commons.wikimedia.org/wiki/File:John%20William%20Jones%20DD.jpg|military chaplain, author
Reverend J. William Jones|Southern Historical Society Papers, Volume 17.|1889|http://www.wikidata.org/entity/Q18331069|25/9/1836|17/3/1909|American preacher|United States of America|-|male|https://commons.wikimedia.org/wiki/File:John%20William%20Jones%20DD.jpg|military chaplain, author
Reverend J. William Jones|Southern Historical Society Papers, Volume 18.|1890|http://www.wikidata.org/entity/Q18331069|25/9/1836|17/3/1909|American preacher|United States of America|-|male|https://commons.wikimedia.org/wiki/File:John%20William%20Jones%20DD.jpg|military chaplain, author
Reverend J. William Jones|Southern Historical Society Papers, Volume 19.|1891|http://www.wikidata.org/entity/Q18331069|25/9/1836|17/3/1909|American preacher|United States of America|-|male|https://commons.wikimedia.org/wiki/File:John%20William%20Jones%20DD.jpg|military chaplain, author
Reverend J. William Jones|Southern Historical Society Papers, Volume 2.|1876|http://www.wikidata.org/entity/Q18331069|25/9/1836|17/3/1909|American preacher|United States of America|-|male|https://commons.wikimedia.org/wiki/File:John%20William%20Jones%20DD.jpg|military chaplain, author
Reverend J. William Jones|Southern Historical Society Papers, Volume 20.|1892|http://www.wikidata.org/entity/Q18331069|25/9/1836|17/3/1909|American preacher|United States of America|-|male|https://commons.wikimedia.org/wiki/File:John%20William%20Jones%20DD.jpg|military chaplain, author
Reverend J. William Jones|Southern Historical Society Papers, Volume 21.|1893|http://www.wikidata.org/entity/Q18331069|25/9/1836|17/3/1909|American preacher|United States of America|-|male|https://commons.wikimedia.org/wiki/File:John%20William%20Jones%20DD.jpg|military chaplain, author
Reverend J. William Jones|Southern Historical Society Papers, Volume 22.|1894|http://www.wikidata.org/entity/Q18331069|25/9/1836|17/3/1909|American preacher|United States of America|-|male|https://commons.wikimedia.org/wiki/File:John%20William%20Jones%20DD.jpg|military chaplain, author
Reverend J. William Jones|Southern Historical Society Papers, Volume 23.|1895|http://www.wikidata.org/entity/Q18331069|25/9/1836|17/3/1909|American preacher|United States of America|-|male|https://commons.wikimedia.org/wiki/File:John%20William%20Jones%20DD.jpg|military chaplain, author
Reverend J. William Jones|Southern Historical Society Papers, Volume 24.|1896|http://www.wikidata.org/entity/Q18331069|25/9/1836|17/3/1909|American preacher|United States of America|-|male|https://commons.wikimedia.org/wiki/File:John%20William%20Jones%20DD.jpg|military chaplain, author
Reverend J. William Jones|Southern Historical Society Papers, Volume 25.|1897|http://www.wikidata.org/entity/Q18331069|25/9/1836|17/3/1909|American preacher|United States of America|-|male|https://commons.wikimedia.org/wiki/File:John%20William%20Jones%20DD.jpg|military chaplain, author
Reverend J. William Jones|Southern Historical Society Papers, Volume 26.|1898|http://www.wikidata.org/entity/Q18331069|25/9/1836|17/3/1909|American preacher|United States of America|-|male|https://commons.wikimedia.org/wiki/File:John%20William%20Jones%20DD.jpg|military chaplain, author
Reverend J. William Jones|Southern Historical Society Papers, Volume 27.|1899|http://www.wikidata.org/entity/Q18331069|25/9/1836|17/3/1909|American preacher|United States of America|-|male|https://commons.wikimedia.org/wiki/File:John%20William%20Jones%20DD.jpg|military chaplain, author
Reverend J. William Jones|Southern Historical Society Papers, Volume 28.|1900|http://www.wikidata.org/entity/Q18331069|25/9/1836|17/3/1909|American preacher|United States of America|-|male|https://commons.wikimedia.org/wiki/File:John%20William%20Jones%20DD.jpg|military chaplain, author
Reverend J. William Jones|Southern Historical Society Papers, Volume 29.|1901|http://www.wikidata.org/entity/Q18331069|25/9/1836|17/3/1909|American preacher|United States of America|-|male|https://commons.wikimedia.org/wiki/File:John%20William%20Jones%20DD.jpg|military chaplain, author
Reverend J. William Jones|Southern Historical Society Papers, Volume 31.|1903|http://www.wikidata.org/entity/Q18331069|25/9/1836|17/3/1909|American preacher|United States of America|-|male|https://commons.wikimedia.org/wiki/File:John%20William%20Jones%20DD.jpg|military chaplain, author
Reverend J. William Jones|Southern Historical Society Papers, Volume 33.|1905|http://www.wikidata.org/entity/Q18331069|25/9/1836|17/3/1909|American preacher|United States of America|-|male|https://commons.wikimedia.org/wiki/File:John%20William%20Jones%20DD.jpg|military chaplain, author
Reverend J. William Jones|Southern Historical Society Papers, Volume 34.|1906|http://www.wikidata.org/entity/Q18331069|25/9/1836|17/3/1909|American preacher|United States of America|-|male|https://commons.wikimedia.org/wiki/File:John%20William%20Jones%20DD.jpg|military chaplain, author
Reverend J. William Jones|Southern Historical Society Papers, Volume 36.|1908|http://www.wikidata.org/entity/Q18331069|25/9/1836|17/3/1909|American preacher|United States of America|-|male|https://commons.wikimedia.org/wiki/File:John%20William%20Jones%20DD.jpg|military chaplain, author
Reverend J. William Jones|Southern Historical Society Papers, Volume 37.|1909|http://www.wikidata.org/entity/Q18331069|25/9/1836|17/3/1909|American preacher|United States of America|-|male|https://commons.wikimedia.org/wiki/File:John%20William%20Jones%20DD.jpg|military chaplain, author
Reverend J. William Jones|Southern Historical Society Papers, Volume 4.|1877|http://www.wikidata.org/entity/Q18331069|25/9/1836|17/3/1909|American preacher|United States of America|-|male|https://commons.wikimedia.org/wiki/File:John%20William%20Jones%20DD.jpg|military chaplain, author
Reverend J. William Jones|Southern Historical Society Papers, Volume 5.|1878|http://www.wikidata.org/entity/Q18331069|25/9/1836|17/3/1909|American preacher|United States of America|-|male|https://commons.wikimedia.org/wiki/File:John%20William%20Jones%20DD.jpg|military chaplain, author
Reverend J. William Jones|Southern Historical Society Papers, Volume 6.|1878|http://www.wikidata.org/entity/Q18331069|25/9/1836|17/3/1909|American preacher|United States of America|-|male|https://commons.wikimedia.org/wiki/File:John%20William%20Jones%20DD.jpg|military chaplain, author
Reverend J. William Jones|Southern Historical Society Papers, Volume 7.|1878|http://www.wikidata.org/entity/Q18331069|25/9/1836|17/3/1909|American preacher|United States of America|-|male|https://commons.wikimedia.org/wiki/File:John%20William%20Jones%20DD.jpg|military chaplain, author
Reverend J. William Jones|Southern Historical Society Papers, Volume 8.|1880|http://www.wikidata.org/entity/Q18331069|25/9/1836|17/3/1909|American preacher|United States of America|-|male|https://commons.wikimedia.org/wiki/File:John%20William%20Jones%20DD.jpg|military chaplain, author
Reverend J. William Jones|Southern Historical Society Papers, Volume 9.|1881|http://www.wikidata.org/entity/Q18331069|25/9/1836|17/3/1909|American preacher|United States of America|-|male|https://commons.wikimedia.org/wiki/File:John%20William%20Jones%20DD.jpg|military chaplain, author
Henry Morton Stanley; Dorothy Stanley|The Autobiography of Sir Henry Morton Stanley|1909|http://www.wikidata.org/entity/Q171421|28/1/1841|10/5/1904|Welsh journalist and explorer|Wales|Denbigh|male|http://commons.wikimedia.org/wiki/Special:FilePath/Henry%20M%20Stanley%201872.jpg|politician, writer, journalist, explorer, politician, writer, journalist, explorer
Charles E. Stowe|Harriet Beecher Stowe compiled from her letters and journals by her son Charles Edward Stowe|1889|-|-|-|-|-|-|-|-|-
William Swinton|Campaigns of the Army of the Potomac|1866|http://www.wikidata.org/entity/Q47494414|1/1/1833|1/1/1892|1833-1892|-|-|male|-|journalist
George Ticknor|Life, letters and journals of George Ticknor|1876|http://www.wikidata.org/entity/Q5545233|14/4/1822|25/12/1866|American journalist|United States of America|-|male|-|journalist
George Ticknor|Life, letters and journals of George Ticknor_PART_2|1876|http://www.wikidata.org/entity/Q5545233|14/4/1822|25/12/1866|American journalist|United States of America|-|male|-|journalist
Rev. W. Turner, Jun.|Lives of the eminent Unitarians|1840|-|-|-|-|-|-|-|-|-
Waitt, Ernest Linden|History of the Nineteenth regiment, Massachusetts volunteer infantry , 1861-1865|1906|-|-|-|-|-|-|-|-|-
Caroline E. Whitcomb|History of the Second Massachusetts Battery of Light Artillery (Nims' Battery): 1861-1865, compiled from records of the Rebellion, official reports, diaries and rosters|1912|-|-|-|-|-|-|-|-|-
Col. Robert White|Confederate Military History, a library of Confederate States Military History: Volume 2.2, West Virginia|1899|http://www.wikidata.org/entity/Q16026314|28/5/1876|15/8/1935|American lawyer and politician from West Virginia|United States of America|-|male|-|lawyer, politician
John Harrison Wilson|The life of Charles Henry Dana|1907|-|-|-|-|-|-|-|-|-
Owen Wister|Ulysses S. Grant|1901|http://www.wikidata.org/entity/Q1281119|14/7/1860|21/7/1938|American writer|United States of America|Germantown|male|http://commons.wikimedia.org/wiki/Special:FilePath/Owen%20Wister.jpg|writer, novelist
John Greenleaf Whittier|The writings of John Greenleaf Whittier, Volume 1.|1888|http://www.wikidata.org/entity/Q458372|17/12/1807|7/9/1892|American Quaker poet and advocate of the abolition of slavery|United States of America|Haverhill|male|http://commons.wikimedia.org/wiki/Special:FilePath/John%20Greenleaf%20Whittier%20November%2025%201885.jpg|writer, poet, journalist
John Greenleaf Whittier|The writings of John Greenleaf Whittier, Volume 2.|1888|http://www.wikidata.org/entity/Q458372|17/12/1807|7/9/1892|American Quaker poet and advocate of the abolition of slavery|United States of America|Haverhill|male|http://commons.wikimedia.org/wiki/Special:FilePath/John%20Greenleaf%20Whittier%20November%2025%201885.jpg|writer, poet, journalist
John Greenleaf Whittier|The writings of John Greenleaf Whittier, Volume 4.|1888|http://www.wikidata.org/entity/Q458372|17/12/1807|7/9/1892|American Quaker poet and advocate of the abolition of slavery|United States of America|Haverhill|male|http://commons.wikimedia.org/wiki/Special:FilePath/John%20Greenleaf%20Whittier%20November%2025%201885.jpg|writer, poet, journalist
John Greenleaf Whittier|The writings of John Greenleaf Whittier, Volume 5.|1888|http://www.wikidata.org/entity/Q458372|17/12/1807|7/9/1892|American Quaker poet and advocate of the abolition of slavery|United States of America|Haverhill|male|http://commons.wikimedia.org/wiki/Special:FilePath/John%20Greenleaf%20Whittier%20November%2025%201885.jpg|writer, poet, journalist
John Greenleaf Whittier|The writings of John Greenleaf Whittier, Volume 6.|1888|http://www.wikidata.org/entity/Q458372|17/12/1807|7/9/1892|American Quaker poet and advocate of the abolition of slavery|United States of America|Haverhill|male|http://commons.wikimedia.org/wiki/Special:FilePath/John%20Greenleaf%20Whittier%20November%2025%201885.jpg|writer, poet, journalist
John Greenleaf Whittier|The writings of John Greenleaf Whittier, Volume 7.|1888|http://www.wikidata.org/entity/Q458372|17/12/1807|7/9/1892|American Quaker poet and advocate of the abolition of slavery|United States of America|Haverhill|male|http://commons.wikimedia.org/wiki/Special:FilePath/John%20Greenleaf%20Whittier%20November%2025%201885.jpg|writer, poet, journalist
